linetype	x	xend	y	yend	key	showSelected1	showSelected2	PANEL
dotted	10.605882980679	10.6188092207447	1.09782329634117	1.09782329634117	log.bases.per.probe left -1	10.6188092207447	margin	1
dotted	10.605882980679	10.6207205001521	1.09782329634117	1.09782329634117	log.bases.per.probe left -1	10.6207205001521	margin	1
dotted	10.605882980679	10.6250808065712	1.09782329634117	1.09782329634117	log.bases.per.probe left -1	10.6250808065712	margin	1
dotted	10.605882980679	11.658095569196	1.64893622494239	1.64893622494239	log.bases.per.probe left -1	11.658095569196	margin	1
dotted	10.605882980679	12.6902202069001	1.64893622494239	1.64893622494239	log.bases.per.probe left -1	12.6902202069001	margin	1
dotted	10.605882980679	12.6942688120164	1.37337976064178	1.37337976064178	log.bases.per.probe left -1	12.6942688120164	margin	1
dotted	10.605882980679	12.7747146113588	1.37337976064178	1.37337976064178	log.bases.per.probe left -1	12.7747146113588	margin	1
dotted	10.605882980679	12.8538994702124	1.08093585685601	1.08093585685601	log.bases.per.probe left -1	12.8538994702124	margin	1
dotted	10.605882980679	12.8562053928237	1.08093585685601	1.08093585685601	log.bases.per.probe left -1	12.8562053928237	margin	1
dotted	10.605882980679	12.8954195919002	1.08093585685601	1.08093585685601	log.bases.per.probe left -1	12.8954195919002	margin	1
dotted	10.605882980679	12.975327032703	0.844786190035743	0.844786190035743	log.bases.per.probe left -1	12.975327032703	margin	1
dotted	10.605882980679	13.0203756460408	0.844786190035743	0.844786190035743	log.bases.per.probe left -1	13.0203756460408	margin	1
dotted	10.605882980679	13.0286054368555	1.05049038750799	1.05049038750799	log.bases.per.probe left -1	13.0286054368555	margin	1
dotted	10.605882980679	13.0429330647357	1.05049038750799	1.05049038750799	log.bases.per.probe left -1	13.0429330647357	margin	1
dotted	10.605882980679	13.0665981428586	1.05049038750799	1.05049038750799	log.bases.per.probe left -1	13.0665981428586	margin	1
dotted	10.605882980679	13.090414821262	1.05049038750799	1.05049038750799	log.bases.per.probe left -1	13.090414821262	margin	1
dotted	10.605882980679	13.1014535566124	1.05049038750799	1.05049038750799	log.bases.per.probe left -1	13.1014535566124	margin	1
dotted	10.605882980679	13.1045090162125	1.05049038750799	1.05049038750799	log.bases.per.probe left -1	13.1045090162125	margin	1
dotted	10.605882980679	13.1094743003138	1.05049038750799	1.05049038750799	log.bases.per.probe left -1	13.1094743003138	margin	1
dotted	10.605882980679	13.1187624931002	1.05049038750799	1.05049038750799	log.bases.per.probe left -1	13.1187624931002	margin	1
dotted	10.605882980679	13.1252450510952	1.05049038750799	1.05049038750799	log.bases.per.probe left -1	13.1252450510952	margin	1
dotted	10.605882980679	13.1296385632981	1.05049038750799	1.05049038750799	log.bases.per.probe left -1	13.1296385632981	margin	1
dotted	10.605882980679	13.1342359070766	1.05049038750799	1.05049038750799	log.bases.per.probe left -1	13.1342359070766	margin	1
dotted	10.605882980679	13.1361317859771	1.05049038750799	1.05049038750799	log.bases.per.probe left -1	13.1361317859771	margin	1
dotted	10.605882980679	13.1399218682861	1.05049038750799	1.05049038750799	log.bases.per.probe left -1	13.1399218682861	margin	1
dotted	10.605882980679	13.1431674228634	0.83122816017289	0.83122816017289	log.bases.per.probe left -1	13.1431674228634	margin	1
dotted	10.605882980679	13.1559968284758	0.83122816017289	0.83122816017289	log.bases.per.probe left -1	13.1559968284758	margin	1
dotted	10.605882980679	13.1721085299889	0.83122816017289	0.83122816017289	log.bases.per.probe left -1	13.1721085299889	margin	1
dotted	10.605882980679	13.1969012173851	0.410625507233687	0.410625507233687	log.bases.per.probe left -1	13.1969012173851	margin	1
dotted	10.605882980679	13.220640197723	0.410625507233687	0.410625507233687	log.bases.per.probe left -1	13.220640197723	margin	1
dotted	10.605882980679	13.2262916951643	0.410625507233687	0.410625507233687	log.bases.per.probe left -1	13.2262916951643	margin	1
dotted	10.605882980679	13.2386936838472	0.410625507233687	0.410625507233687	log.bases.per.probe left -1	13.2386936838472	margin	1
dotted	10.605882980679	13.2529728597355	0.410625507233687	0.410625507233687	log.bases.per.probe left -1	13.2529728597355	margin	1
dotted	10.605882980679	13.2603342141953	0.410625507233687	0.410625507233687	log.bases.per.probe left -1	13.2603342141953	margin	1
dotted	10.605882980679	13.2723821562637	0.410625507233687	0.410625507233687	log.bases.per.probe left -1	13.2723821562637	margin	1
dotted	10.605882980679	13.283507089371	0.410625507233687	0.410625507233687	log.bases.per.probe left -1	13.283507089371	margin	1
dotted	10.605882980679	13.2871434690356	0.410625507233687	0.410625507233687	log.bases.per.probe left -1	13.2871434690356	margin	1
dotted	10.605882980679	13.2918522745671	0.410625507233687	0.410625507233687	log.bases.per.probe left -1	13.2918522745671	margin	1
dotted	10.605882980679	13.2956939545344	0.410625507233687	0.410625507233687	log.bases.per.probe left -1	13.2956939545344	margin	1
dotted	10.605882980679	13.3006753297113	0.410625507233687	0.410625507233687	log.bases.per.probe left -1	13.3006753297113	margin	1
dotted	10.605882980679	13.3101720501114	0.410625507233687	0.410625507233687	log.bases.per.probe left -1	13.3101720501114	margin	1
dotted	10.605882980679	13.3745281032056	0.410082570270312	0.410082570270312	log.bases.per.probe left -1	13.3745281032056	margin	1
dotted	10.605882980679	13.4655483271887	0.410082570270312	0.410082570270312	log.bases.per.probe left -1	13.4655483271887	margin	1
dotted	10.605882980679	13.5270927062044	0.410082570270312	0.410082570270312	log.bases.per.probe left -1	13.5270927062044	margin	1
dotted	10.605882980679	13.5578468256479	0.410082570270312	0.410082570270312	log.bases.per.probe left -1	13.5578468256479	margin	1
dotted	10.605882980679	13.5600235909162	0.410082570270312	0.410082570270312	log.bases.per.probe left -1	13.5600235909162	margin	1
dotted	10.605882980679	13.5679953892622	0.410082570270312	0.410082570270312	log.bases.per.probe left -1	13.5679953892622	margin	1
dotted	10.605882980679	13.5857649899454	0.410082570270312	0.410082570270312	log.bases.per.probe left -1	13.5857649899454	margin	1
dotted	10.605882980679	13.6129620259783	0.410082570270312	0.410082570270312	log.bases.per.probe left -1	13.6129620259783	margin	1
dotted	10.605882980679	13.6332490894889	0.165906044690278	0.165906044690278	log.bases.per.probe left -1	13.6332490894889	margin	1
dotted	10.605882980679	13.6440254193657	0.165906044690278	0.165906044690278	log.bases.per.probe left -1	13.6440254193657	margin	1
dotted	10.605882980679	13.6631360257758	0.165906044690278	0.165906044690278	log.bases.per.probe left -1	13.6631360257758	margin	1
dotted	10.605882980679	13.6755260402751	0.165906044690278	0.165906044690278	log.bases.per.probe left -1	13.6755260402751	margin	1
dotted	10.605882980679	13.676513530019	0.165906044690278	0.165906044690278	log.bases.per.probe left -1	13.676513530019	margin	1
dotted	10.605882980679	13.6788304074389	0.165906044690278	0.165906044690278	log.bases.per.probe left -1	13.6788304074389	margin	1
dotted	10.605882980679	13.6820513810004	0.165906044690278	0.165906044690278	log.bases.per.probe left -1	13.6820513810004	margin	1
dotted	10.605882980679	13.6838381339109	0.165906044690278	0.165906044690278	log.bases.per.probe left -1	13.6838381339109	margin	1
dotted	10.605882980679	13.6877904757736	0.165906044690278	0.165906044690278	log.bases.per.probe left -1	13.6877904757736	margin	1
dotted	10.605882980679	13.6949200209736	0.165906044690278	0.165906044690278	log.bases.per.probe left -1	13.6949200209736	margin	1
dotted	10.605882980679	13.7012004320094	0.165906044690278	0.165906044690278	log.bases.per.probe left -1	13.7012004320094	margin	1
dotted	10.605882980679	13.7080342513737	0.165906044690278	0.165906044690278	log.bases.per.probe left -1	13.7080342513737	margin	1
dotted	10.605882980679	13.7146458989158	0.165906044690278	0.165906044690278	log.bases.per.probe left -1	13.7146458989158	margin	1
dotted	10.605882980679	13.7277910036096	0.165906044690278	0.165906044690278	log.bases.per.probe left -1	13.7277910036096	margin	1
dotted	10.605882980679	13.7391122419845	0.165906044690278	0.165906044690278	log.bases.per.probe left -1	13.7391122419845	margin	1
dotted	10.605882980679	13.7415315561622	0.165906044690278	0.165906044690278	log.bases.per.probe left -1	13.7415315561622	margin	1
dotted	10.605882980679	13.7532538100591	0.165906044690278	0.165906044690278	log.bases.per.probe left -1	13.7532538100591	margin	1
dotted	10.605882980679	13.7752701320646	0.165906044690278	0.165906044690278	log.bases.per.probe left -1	13.7752701320646	margin	1
dotted	10.605882980679	13.7980149134727	0.165906044690278	0.165906044690278	log.bases.per.probe left -1	13.7980149134727	margin	1
dotted	10.605882980679	13.8425037914511	0.116143777886932	0.116143777886932	log.bases.per.probe left -1	13.8425037914511	margin	1
dotted	10.605882980679	13.8776152795826	0.116143777886932	0.116143777886932	log.bases.per.probe left -1	13.8776152795826	margin	1
dotted	10.605882980679	13.8962707835669	0.116143777886932	0.116143777886932	log.bases.per.probe left -1	13.8962707835669	margin	1
dotted	10.605882980679	13.9191076497234	0.116143777886932	0.116143777886932	log.bases.per.probe left -1	13.9191076497234	margin	1
dotted	10.605882980679	13.9241888191246	0.116143777886932	0.116143777886932	log.bases.per.probe left -1	13.9241888191246	margin	1
dotted	10.605882980679	13.9293161075	0.116143777886932	0.116143777886932	log.bases.per.probe left -1	13.9293161075	margin	1
dotted	10.605882980679	13.9625609781345	0.116143777886932	0.116143777886932	log.bases.per.probe left -1	13.9625609781345	margin	1
dotted	10.605882980679	14.0065771680633	0.116143777886932	0.116143777886932	log.bases.per.probe left -1	14.0065771680633	margin	1
dotted	10.605882980679	14.0256877744734	0.116143777886932	0.116143777886932	log.bases.per.probe left -1	14.0256877744734	margin	1
dotted	10.605882980679	14.0387604145256	0.0618046851356349	0.0618046851356349	log.bases.per.probe left -1	14.0387604145256	margin	1
dotted	10.605882980679	14.0758144006024	0.0618046851356349	0.0618046851356349	log.bases.per.probe left -1	14.0758144006024	margin	1
dotted	10.605882980679	14.1615569769173	0.0618046851356349	0.0618046851356349	log.bases.per.probe left -1	14.1615569769173	margin	1
dotted	10.605882980679	14.3075436807361	0.0618046851356349	0.0618046851356349	log.bases.per.probe left -1	14.3075436807361	margin	1
dotted	10.605882980679	14.428773444433	0.0618046851356349	0.0618046851356349	log.bases.per.probe left -1	14.428773444433	margin	1
dotted	10.6188092207447	14.8762218921134	-0.00261018576893307	-0.00261018576893307	log.bases.per.probe right -1	10.6188092207447	margin	1
dotted	10.6207205001521	14.8762218921134	-0.0745565562983179	-0.0745565562983179	log.bases.per.probe right -1	10.6207205001521	margin	1
dotted	10.6250808065712	14.8762218921134	-0.0745565562983179	-0.0745565562983179	log.bases.per.probe right -1	10.6250808065712	margin	1
dotted	11.658095569196	14.8762218921134	-0.11466336203393	-0.11466336203393	log.bases.per.probe right -1	11.658095569196	margin	1
dotted	12.6902202069001	14.8762218921134	-0.11466336203393	-0.11466336203393	log.bases.per.probe right -1	12.6902202069001	margin	1
dotted	12.6942688120164	14.8762218921134	-0.0745565562983179	-0.0745565562983179	log.bases.per.probe right -1	12.6942688120164	margin	1
dotted	12.7747146113588	14.8762218921134	-0.0745565562983179	-0.0745565562983179	log.bases.per.probe right -1	12.7747146113588	margin	1
dotted	12.8538994702124	14.8762218921134	-0.0531604106019917	-0.0531604106019917	log.bases.per.probe right -1	12.8538994702124	margin	1
dotted	12.8562053928237	14.8762218921134	-0.0531604106019917	-0.0531604106019917	log.bases.per.probe right -1	12.8562053928237	margin	1
dotted	12.8954195919002	14.8762218921134	-0.0531604106019917	-0.0531604106019917	log.bases.per.probe right -1	12.8954195919002	margin	1
dotted	12.975327032703	14.8762218921134	-0.0531604106019917	-0.0531604106019917	log.bases.per.probe right -1	12.975327032703	margin	1
dotted	13.0203756460408	14.8762218921134	-0.0745565562983179	-0.0745565562983179	log.bases.per.probe right -1	13.0203756460408	margin	1
dotted	13.0286054368555	14.8762218921134	-0.224891996138411	-0.224891996138411	log.bases.per.probe right -1	13.0286054368555	margin	1
dotted	13.0429330647357	14.8762218921134	-0.224891996138411	-0.224891996138411	log.bases.per.probe right -1	13.0429330647357	margin	1
dotted	13.0665981428586	14.8762218921134	-0.224891996138411	-0.224891996138411	log.bases.per.probe right -1	13.0665981428586	margin	1
dotted	13.090414821262	14.8762218921134	-0.224891996138411	-0.224891996138411	log.bases.per.probe right -1	13.090414821262	margin	1
dotted	13.1014535566124	14.8762218921134	-0.224891996138411	-0.224891996138411	log.bases.per.probe right -1	13.1014535566124	margin	1
dotted	13.1045090162125	14.8762218921134	-0.224891996138411	-0.224891996138411	log.bases.per.probe right -1	13.1045090162125	margin	1
dotted	13.1094743003138	14.8762218921134	-0.224891996138411	-0.224891996138411	log.bases.per.probe right -1	13.1094743003138	margin	1
dotted	13.1187624931002	14.8762218921134	-0.224891996138411	-0.224891996138411	log.bases.per.probe right -1	13.1187624931002	margin	1
dotted	13.1252450510952	14.8762218921134	-0.224891996138411	-0.224891996138411	log.bases.per.probe right -1	13.1252450510952	margin	1
dotted	13.1296385632981	14.8762218921134	-0.387841300539221	-0.387841300539221	log.bases.per.probe right -1	13.1296385632981	margin	1
dotted	13.1342359070766	14.8762218921134	-0.387841300539221	-0.387841300539221	log.bases.per.probe right -1	13.1342359070766	margin	1
dotted	13.1361317859771	14.8762218921134	-0.387841300539221	-0.387841300539221	log.bases.per.probe right -1	13.1361317859771	margin	1
dotted	13.1399218682861	14.8762218921134	-0.387841300539221	-0.387841300539221	log.bases.per.probe right -1	13.1399218682861	margin	1
dotted	13.1431674228634	14.8762218921134	-0.224891996138411	-0.224891996138411	log.bases.per.probe right -1	13.1431674228634	margin	1
dotted	13.1559968284758	14.8762218921134	-0.224891996138411	-0.224891996138411	log.bases.per.probe right -1	13.1559968284758	margin	1
dotted	13.1721085299889	14.8762218921134	-0.387841300539221	-0.387841300539221	log.bases.per.probe right -1	13.1721085299889	margin	1
dotted	13.1969012173851	14.8762218921134	-0.238368819442564	-0.238368819442564	log.bases.per.probe right -1	13.1969012173851	margin	1
dotted	13.220640197723	14.8762218921134	-0.238368819442564	-0.238368819442564	log.bases.per.probe right -1	13.220640197723	margin	1
dotted	13.2262916951643	14.8762218921134	-0.238368819442564	-0.238368819442564	log.bases.per.probe right -1	13.2262916951643	margin	1
dotted	13.2386936838472	14.8762218921134	-0.238368819442564	-0.238368819442564	log.bases.per.probe right -1	13.2386936838472	margin	1
dotted	13.2529728597355	14.8762218921134	-0.238368819442564	-0.238368819442564	log.bases.per.probe right -1	13.2529728597355	margin	1
dotted	13.2603342141953	14.8762218921134	-0.238368819442564	-0.238368819442564	log.bases.per.probe right -1	13.2603342141953	margin	1
dotted	13.2723821562637	14.8762218921134	-0.238368819442564	-0.238368819442564	log.bases.per.probe right -1	13.2723821562637	margin	1
dotted	13.283507089371	14.8762218921134	-0.238368819442564	-0.238368819442564	log.bases.per.probe right -1	13.283507089371	margin	1
dotted	13.2871434690356	14.8762218921134	-0.238368819442564	-0.238368819442564	log.bases.per.probe right -1	13.2871434690356	margin	1
dotted	13.2918522745671	14.8762218921134	-0.238368819442564	-0.238368819442564	log.bases.per.probe right -1	13.2918522745671	margin	1
dotted	13.2956939545344	14.8762218921134	-0.238368819442564	-0.238368819442564	log.bases.per.probe right -1	13.2956939545344	margin	1
dotted	13.3006753297113	14.8762218921134	-0.238368819442564	-0.238368819442564	log.bases.per.probe right -1	13.3006753297113	margin	1
dotted	13.3101720501114	14.8762218921134	-0.238368819442564	-0.238368819442564	log.bases.per.probe right -1	13.3101720501114	margin	1
dotted	13.3745281032056	14.8762218921134	-0.238368819442564	-0.238368819442564	log.bases.per.probe right -1	13.3745281032056	margin	1
dotted	13.4655483271887	14.8762218921134	-0.459725654289346	-0.459725654289346	log.bases.per.probe right -1	13.4655483271887	margin	1
dotted	13.5270927062044	14.8762218921134	-0.459725654289346	-0.459725654289346	log.bases.per.probe right -1	13.5270927062044	margin	1
dotted	13.5578468256479	14.8762218921134	-0.459725654289346	-0.459725654289346	log.bases.per.probe right -1	13.5578468256479	margin	1
dotted	13.5600235909162	14.8762218921134	-0.459725654289346	-0.459725654289346	log.bases.per.probe right -1	13.5600235909162	margin	1
dotted	13.5679953892622	14.8762218921134	-0.459725654289346	-0.459725654289346	log.bases.per.probe right -1	13.5679953892622	margin	1
dotted	13.5857649899454	14.8762218921134	-0.459725654289346	-0.459725654289346	log.bases.per.probe right -1	13.5857649899454	margin	1
dotted	13.6129620259783	14.8762218921134	-0.459725654289346	-0.459725654289346	log.bases.per.probe right -1	13.6129620259783	margin	1
dotted	13.6332490894889	14.8762218921134	-0.238368819442564	-0.238368819442564	log.bases.per.probe right -1	13.6332490894889	margin	1
dotted	13.6440254193657	14.8762218921134	-0.238368819442564	-0.238368819442564	log.bases.per.probe right -1	13.6440254193657	margin	1
dotted	13.6631360257758	14.8762218921134	-0.238368819442564	-0.238368819442564	log.bases.per.probe right -1	13.6631360257758	margin	1
dotted	13.6755260402751	14.8762218921134	-0.238368819442564	-0.238368819442564	log.bases.per.probe right -1	13.6755260402751	margin	1
dotted	13.676513530019	14.8762218921134	-0.238368819442564	-0.238368819442564	log.bases.per.probe right -1	13.676513530019	margin	1
dotted	13.6788304074389	14.8762218921134	-0.238368819442564	-0.238368819442564	log.bases.per.probe right -1	13.6788304074389	margin	1
dotted	13.6820513810004	14.8762218921134	-0.238368819442564	-0.238368819442564	log.bases.per.probe right -1	13.6820513810004	margin	1
dotted	13.6838381339109	14.8762218921134	-0.238368819442564	-0.238368819442564	log.bases.per.probe right -1	13.6838381339109	margin	1
dotted	13.6877904757736	14.8762218921134	-0.238368819442564	-0.238368819442564	log.bases.per.probe right -1	13.6877904757736	margin	1
dotted	13.6949200209736	14.8762218921134	-0.238368819442564	-0.238368819442564	log.bases.per.probe right -1	13.6949200209736	margin	1
dotted	13.7012004320094	14.8762218921134	-0.238368819442564	-0.238368819442564	log.bases.per.probe right -1	13.7012004320094	margin	1
dotted	13.7080342513737	14.8762218921134	-0.238368819442564	-0.238368819442564	log.bases.per.probe right -1	13.7080342513737	margin	1
dotted	13.7146458989158	14.8762218921134	-0.238368819442564	-0.238368819442564	log.bases.per.probe right -1	13.7146458989158	margin	1
dotted	13.7277910036096	14.8762218921134	-0.238368819442564	-0.238368819442564	log.bases.per.probe right -1	13.7277910036096	margin	1
dotted	13.7391122419845	14.8762218921134	-0.238368819442564	-0.238368819442564	log.bases.per.probe right -1	13.7391122419845	margin	1
dotted	13.7415315561622	14.8762218921134	-0.238368819442564	-0.238368819442564	log.bases.per.probe right -1	13.7415315561622	margin	1
dotted	13.7532538100591	14.8762218921134	-0.238368819442564	-0.238368819442564	log.bases.per.probe right -1	13.7532538100591	margin	1
dotted	13.7752701320646	14.8762218921134	-0.238368819442564	-0.238368819442564	log.bases.per.probe right -1	13.7752701320646	margin	1
dotted	13.7980149134727	14.8762218921134	-0.238368819442564	-0.238368819442564	log.bases.per.probe right -1	13.7980149134727	margin	1
dotted	13.8425037914511	14.8762218921134	-0.216972673746237	-0.216972673746237	log.bases.per.probe right -1	13.8425037914511	margin	1
dotted	13.8776152795826	14.8762218921134	-0.216972673746237	-0.216972673746237	log.bases.per.probe right -1	13.8776152795826	margin	1
dotted	13.8962707835669	14.8762218921134	-0.216972673746237	-0.216972673746237	log.bases.per.probe right -1	13.8962707835669	margin	1
dotted	13.9191076497234	14.8762218921134	-0.216972673746237	-0.216972673746237	log.bases.per.probe right -1	13.9191076497234	margin	1
dotted	13.9241888191246	14.8762218921134	-0.216972673746237	-0.216972673746237	log.bases.per.probe right -1	13.9241888191246	margin	1
dotted	13.9293161075	14.8762218921134	-0.6596835713029	-0.6596835713029	log.bases.per.probe right -1	13.9293161075	margin	1
dotted	13.9625609781345	14.8762218921134	-0.6596835713029	-0.6596835713029	log.bases.per.probe right -1	13.9625609781345	margin	1
dotted	14.0065771680633	14.8762218921134	-0.6596835713029	-0.6596835713029	log.bases.per.probe right -1	14.0065771680633	margin	1
dotted	14.0256877744734	14.8762218921134	-0.6596835713029	-0.6596835713029	log.bases.per.probe right -1	14.0256877744734	margin	1
dotted	14.0387604145256	14.8762218921134	-0.29097093814458	-0.29097093814458	log.bases.per.probe right -1	14.0387604145256	margin	1
dotted	14.0758144006024	14.8762218921134	-0.29097093814458	-0.29097093814458	log.bases.per.probe right -1	14.0758144006024	margin	1
dotted	14.1615569769173	14.8762218921134	-0.29097093814458	-0.29097093814458	log.bases.per.probe right -1	14.1615569769173	margin	1
dotted	14.3075436807361	14.8762218921134	-0.927278543723117	-0.927278543723117	log.bases.per.probe right -1	14.3075436807361	margin	1
dotted	14.428773444433	14.8762218921134	0.336107142473267	0.336107142473267	log.bases.per.probe right -1	14.428773444433	margin	1
solid	10.605882980679	10.6188092207447	1.59782329634117	1.59782329634117	log.bases.per.probe left 0	10.6188092207447	prediction	1
solid	10.605882980679	10.6207205001521	1.59782329634117	1.59782329634117	log.bases.per.probe left 0	10.6207205001521	prediction	1
solid	10.605882980679	10.6250808065712	1.59782329634117	1.59782329634117	log.bases.per.probe left 0	10.6250808065712	prediction	1
solid	10.605882980679	11.658095569196	2.14893622494239	2.14893622494239	log.bases.per.probe left 0	11.658095569196	prediction	1
solid	10.605882980679	12.6902202069001	2.14893622494239	2.14893622494239	log.bases.per.probe left 0	12.6902202069001	prediction	1
solid	10.605882980679	12.6942688120164	1.87337976064178	1.87337976064178	log.bases.per.probe left 0	12.6942688120164	prediction	1
solid	10.605882980679	12.7747146113588	1.87337976064178	1.87337976064178	log.bases.per.probe left 0	12.7747146113588	prediction	1
solid	10.605882980679	12.8538994702124	1.58093585685601	1.58093585685601	log.bases.per.probe left 0	12.8538994702124	prediction	1
solid	10.605882980679	12.8562053928237	1.58093585685601	1.58093585685601	log.bases.per.probe left 0	12.8562053928237	prediction	1
solid	10.605882980679	12.8954195919002	1.58093585685601	1.58093585685601	log.bases.per.probe left 0	12.8954195919002	prediction	1
solid	10.605882980679	12.975327032703	1.34478619003574	1.34478619003574	log.bases.per.probe left 0	12.975327032703	prediction	1
solid	10.605882980679	13.0203756460408	1.34478619003574	1.34478619003574	log.bases.per.probe left 0	13.0203756460408	prediction	1
solid	10.605882980679	13.0286054368555	1.55049038750799	1.55049038750799	log.bases.per.probe left 0	13.0286054368555	prediction	1
solid	10.605882980679	13.0429330647357	1.55049038750799	1.55049038750799	log.bases.per.probe left 0	13.0429330647357	prediction	1
solid	10.605882980679	13.0665981428586	1.55049038750799	1.55049038750799	log.bases.per.probe left 0	13.0665981428586	prediction	1
solid	10.605882980679	13.090414821262	1.55049038750799	1.55049038750799	log.bases.per.probe left 0	13.090414821262	prediction	1
solid	10.605882980679	13.1014535566124	1.55049038750799	1.55049038750799	log.bases.per.probe left 0	13.1014535566124	prediction	1
solid	10.605882980679	13.1045090162125	1.55049038750799	1.55049038750799	log.bases.per.probe left 0	13.1045090162125	prediction	1
solid	10.605882980679	13.1094743003138	1.55049038750799	1.55049038750799	log.bases.per.probe left 0	13.1094743003138	prediction	1
solid	10.605882980679	13.1187624931002	1.55049038750799	1.55049038750799	log.bases.per.probe left 0	13.1187624931002	prediction	1
solid	10.605882980679	13.1252450510952	1.55049038750799	1.55049038750799	log.bases.per.probe left 0	13.1252450510952	prediction	1
solid	10.605882980679	13.1296385632981	1.55049038750799	1.55049038750799	log.bases.per.probe left 0	13.1296385632981	prediction	1
solid	10.605882980679	13.1342359070766	1.55049038750799	1.55049038750799	log.bases.per.probe left 0	13.1342359070766	prediction	1
solid	10.605882980679	13.1361317859771	1.55049038750799	1.55049038750799	log.bases.per.probe left 0	13.1361317859771	prediction	1
solid	10.605882980679	13.1399218682861	1.55049038750799	1.55049038750799	log.bases.per.probe left 0	13.1399218682861	prediction	1
solid	10.605882980679	13.1431674228634	1.33122816017289	1.33122816017289	log.bases.per.probe left 0	13.1431674228634	prediction	1
solid	10.605882980679	13.1559968284758	1.33122816017289	1.33122816017289	log.bases.per.probe left 0	13.1559968284758	prediction	1
solid	10.605882980679	13.1721085299889	1.33122816017289	1.33122816017289	log.bases.per.probe left 0	13.1721085299889	prediction	1
solid	10.605882980679	13.1969012173851	0.910625507233687	0.910625507233687	log.bases.per.probe left 0	13.1969012173851	prediction	1
solid	10.605882980679	13.220640197723	0.910625507233687	0.910625507233687	log.bases.per.probe left 0	13.220640197723	prediction	1
solid	10.605882980679	13.2262916951643	0.910625507233687	0.910625507233687	log.bases.per.probe left 0	13.2262916951643	prediction	1
solid	10.605882980679	13.2386936838472	0.910625507233687	0.910625507233687	log.bases.per.probe left 0	13.2386936838472	prediction	1
solid	10.605882980679	13.2529728597355	0.910625507233687	0.910625507233687	log.bases.per.probe left 0	13.2529728597355	prediction	1
solid	10.605882980679	13.2603342141953	0.910625507233687	0.910625507233687	log.bases.per.probe left 0	13.2603342141953	prediction	1
solid	10.605882980679	13.2723821562637	0.910625507233687	0.910625507233687	log.bases.per.probe left 0	13.2723821562637	prediction	1
solid	10.605882980679	13.283507089371	0.910625507233687	0.910625507233687	log.bases.per.probe left 0	13.283507089371	prediction	1
solid	10.605882980679	13.2871434690356	0.910625507233687	0.910625507233687	log.bases.per.probe left 0	13.2871434690356	prediction	1
solid	10.605882980679	13.2918522745671	0.910625507233687	0.910625507233687	log.bases.per.probe left 0	13.2918522745671	prediction	1
solid	10.605882980679	13.2956939545344	0.910625507233687	0.910625507233687	log.bases.per.probe left 0	13.2956939545344	prediction	1
solid	10.605882980679	13.3006753297113	0.910625507233687	0.910625507233687	log.bases.per.probe left 0	13.3006753297113	prediction	1
solid	10.605882980679	13.3101720501114	0.910625507233687	0.910625507233687	log.bases.per.probe left 0	13.3101720501114	prediction	1
solid	10.605882980679	13.3745281032056	0.910082570270312	0.910082570270312	log.bases.per.probe left 0	13.3745281032056	prediction	1
solid	10.605882980679	13.4655483271887	0.910082570270312	0.910082570270312	log.bases.per.probe left 0	13.4655483271887	prediction	1
solid	10.605882980679	13.5270927062044	0.910082570270312	0.910082570270312	log.bases.per.probe left 0	13.5270927062044	prediction	1
solid	10.605882980679	13.5578468256479	0.910082570270312	0.910082570270312	log.bases.per.probe left 0	13.5578468256479	prediction	1
solid	10.605882980679	13.5600235909162	0.910082570270312	0.910082570270312	log.bases.per.probe left 0	13.5600235909162	prediction	1
solid	10.605882980679	13.5679953892622	0.910082570270312	0.910082570270312	log.bases.per.probe left 0	13.5679953892622	prediction	1
solid	10.605882980679	13.5857649899454	0.910082570270312	0.910082570270312	log.bases.per.probe left 0	13.5857649899454	prediction	1
solid	10.605882980679	13.6129620259783	0.910082570270312	0.910082570270312	log.bases.per.probe left 0	13.6129620259783	prediction	1
solid	10.605882980679	13.6332490894889	0.665906044690279	0.665906044690279	log.bases.per.probe left 0	13.6332490894889	prediction	1
solid	10.605882980679	13.6440254193657	0.665906044690279	0.665906044690279	log.bases.per.probe left 0	13.6440254193657	prediction	1
solid	10.605882980679	13.6631360257758	0.665906044690279	0.665906044690279	log.bases.per.probe left 0	13.6631360257758	prediction	1
solid	10.605882980679	13.6755260402751	0.665906044690279	0.665906044690279	log.bases.per.probe left 0	13.6755260402751	prediction	1
solid	10.605882980679	13.676513530019	0.665906044690279	0.665906044690279	log.bases.per.probe left 0	13.676513530019	prediction	1
solid	10.605882980679	13.6788304074389	0.665906044690279	0.665906044690279	log.bases.per.probe left 0	13.6788304074389	prediction	1
solid	10.605882980679	13.6820513810004	0.665906044690279	0.665906044690279	log.bases.per.probe left 0	13.6820513810004	prediction	1
solid	10.605882980679	13.6838381339109	0.665906044690279	0.665906044690279	log.bases.per.probe left 0	13.6838381339109	prediction	1
solid	10.605882980679	13.6877904757736	0.665906044690279	0.665906044690279	log.bases.per.probe left 0	13.6877904757736	prediction	1
solid	10.605882980679	13.6949200209736	0.665906044690279	0.665906044690279	log.bases.per.probe left 0	13.6949200209736	prediction	1
solid	10.605882980679	13.7012004320094	0.665906044690279	0.665906044690279	log.bases.per.probe left 0	13.7012004320094	prediction	1
solid	10.605882980679	13.7080342513737	0.665906044690279	0.665906044690279	log.bases.per.probe left 0	13.7080342513737	prediction	1
solid	10.605882980679	13.7146458989158	0.665906044690279	0.665906044690279	log.bases.per.probe left 0	13.7146458989158	prediction	1
solid	10.605882980679	13.7277910036096	0.665906044690279	0.665906044690279	log.bases.per.probe left 0	13.7277910036096	prediction	1
solid	10.605882980679	13.7391122419845	0.665906044690279	0.665906044690279	log.bases.per.probe left 0	13.7391122419845	prediction	1
solid	10.605882980679	13.7415315561622	0.665906044690279	0.665906044690279	log.bases.per.probe left 0	13.7415315561622	prediction	1
solid	10.605882980679	13.7532538100591	0.665906044690279	0.665906044690279	log.bases.per.probe left 0	13.7532538100591	prediction	1
solid	10.605882980679	13.7752701320646	0.665906044690279	0.665906044690279	log.bases.per.probe left 0	13.7752701320646	prediction	1
solid	10.605882980679	13.7980149134727	0.665906044690279	0.665906044690279	log.bases.per.probe left 0	13.7980149134727	prediction	1
solid	10.605882980679	13.8425037914511	0.616143777886932	0.616143777886932	log.bases.per.probe left 0	13.8425037914511	prediction	1
solid	10.605882980679	13.8776152795826	0.616143777886932	0.616143777886932	log.bases.per.probe left 0	13.8776152795826	prediction	1
solid	10.605882980679	13.8962707835669	0.616143777886932	0.616143777886932	log.bases.per.probe left 0	13.8962707835669	prediction	1
solid	10.605882980679	13.9191076497234	0.616143777886932	0.616143777886932	log.bases.per.probe left 0	13.9191076497234	prediction	1
solid	10.605882980679	13.9241888191246	0.616143777886932	0.616143777886932	log.bases.per.probe left 0	13.9241888191246	prediction	1
solid	10.605882980679	13.9293161075	0.616143777886932	0.616143777886932	log.bases.per.probe left 0	13.9293161075	prediction	1
solid	10.605882980679	13.9625609781345	0.616143777886932	0.616143777886932	log.bases.per.probe left 0	13.9625609781345	prediction	1
solid	10.605882980679	14.0065771680633	0.616143777886932	0.616143777886932	log.bases.per.probe left 0	14.0065771680633	prediction	1
solid	10.605882980679	14.0256877744734	0.616143777886932	0.616143777886932	log.bases.per.probe left 0	14.0256877744734	prediction	1
solid	10.605882980679	14.0387604145256	0.561804685135635	0.561804685135635	log.bases.per.probe left 0	14.0387604145256	prediction	1
solid	10.605882980679	14.0758144006024	0.561804685135635	0.561804685135635	log.bases.per.probe left 0	14.0758144006024	prediction	1
solid	10.605882980679	14.1615569769173	0.561804685135635	0.561804685135635	log.bases.per.probe left 0	14.1615569769173	prediction	1
solid	10.605882980679	14.3075436807361	0.561804685135635	0.561804685135635	log.bases.per.probe left 0	14.3075436807361	prediction	1
solid	10.605882980679	14.428773444433	0.561804685135635	0.561804685135635	log.bases.per.probe left 0	14.428773444433	prediction	1
solid	10.6188092207447	14.8762218921134	0.497389814231067	0.497389814231067	log.bases.per.probe right 0	10.6188092207447	prediction	1
solid	10.6207205001521	14.8762218921134	0.425443443701682	0.425443443701682	log.bases.per.probe right 0	10.6207205001521	prediction	1
solid	10.6250808065712	14.8762218921134	0.425443443701682	0.425443443701682	log.bases.per.probe right 0	10.6250808065712	prediction	1
solid	11.658095569196	14.8762218921134	0.38533663796607	0.38533663796607	log.bases.per.probe right 0	11.658095569196	prediction	1
solid	12.6902202069001	14.8762218921134	0.38533663796607	0.38533663796607	log.bases.per.probe right 0	12.6902202069001	prediction	1
solid	12.6942688120164	14.8762218921134	0.425443443701682	0.425443443701682	log.bases.per.probe right 0	12.6942688120164	prediction	1
solid	12.7747146113588	14.8762218921134	0.425443443701682	0.425443443701682	log.bases.per.probe right 0	12.7747146113588	prediction	1
solid	12.8538994702124	14.8762218921134	0.446839589398008	0.446839589398008	log.bases.per.probe right 0	12.8538994702124	prediction	1
solid	12.8562053928237	14.8762218921134	0.446839589398008	0.446839589398008	log.bases.per.probe right 0	12.8562053928237	prediction	1
solid	12.8954195919002	14.8762218921134	0.446839589398008	0.446839589398008	log.bases.per.probe right 0	12.8954195919002	prediction	1
solid	12.975327032703	14.8762218921134	0.446839589398008	0.446839589398008	log.bases.per.probe right 0	12.975327032703	prediction	1
solid	13.0203756460408	14.8762218921134	0.425443443701682	0.425443443701682	log.bases.per.probe right 0	13.0203756460408	prediction	1
solid	13.0286054368555	14.8762218921134	0.275108003861589	0.275108003861589	log.bases.per.probe right 0	13.0286054368555	prediction	1
solid	13.0429330647357	14.8762218921134	0.275108003861589	0.275108003861589	log.bases.per.probe right 0	13.0429330647357	prediction	1
solid	13.0665981428586	14.8762218921134	0.275108003861589	0.275108003861589	log.bases.per.probe right 0	13.0665981428586	prediction	1
solid	13.090414821262	14.8762218921134	0.275108003861589	0.275108003861589	log.bases.per.probe right 0	13.090414821262	prediction	1
solid	13.1014535566124	14.8762218921134	0.275108003861589	0.275108003861589	log.bases.per.probe right 0	13.1014535566124	prediction	1
solid	13.1045090162125	14.8762218921134	0.275108003861589	0.275108003861589	log.bases.per.probe right 0	13.1045090162125	prediction	1
solid	13.1094743003138	14.8762218921134	0.275108003861589	0.275108003861589	log.bases.per.probe right 0	13.1094743003138	prediction	1
solid	13.1187624931002	14.8762218921134	0.275108003861589	0.275108003861589	log.bases.per.probe right 0	13.1187624931002	prediction	1
solid	13.1252450510952	14.8762218921134	0.275108003861589	0.275108003861589	log.bases.per.probe right 0	13.1252450510952	prediction	1
solid	13.1296385632981	14.8762218921134	0.112158699460779	0.112158699460779	log.bases.per.probe right 0	13.1296385632981	prediction	1
solid	13.1342359070766	14.8762218921134	0.112158699460779	0.112158699460779	log.bases.per.probe right 0	13.1342359070766	prediction	1
solid	13.1361317859771	14.8762218921134	0.112158699460779	0.112158699460779	log.bases.per.probe right 0	13.1361317859771	prediction	1
solid	13.1399218682861	14.8762218921134	0.112158699460779	0.112158699460779	log.bases.per.probe right 0	13.1399218682861	prediction	1
solid	13.1431674228634	14.8762218921134	0.275108003861589	0.275108003861589	log.bases.per.probe right 0	13.1431674228634	prediction	1
solid	13.1559968284758	14.8762218921134	0.275108003861589	0.275108003861589	log.bases.per.probe right 0	13.1559968284758	prediction	1
solid	13.1721085299889	14.8762218921134	0.112158699460779	0.112158699460779	log.bases.per.probe right 0	13.1721085299889	prediction	1
solid	13.1969012173851	14.8762218921134	0.261631180557436	0.261631180557436	log.bases.per.probe right 0	13.1969012173851	prediction	1
solid	13.220640197723	14.8762218921134	0.261631180557436	0.261631180557436	log.bases.per.probe right 0	13.220640197723	prediction	1
solid	13.2262916951643	14.8762218921134	0.261631180557436	0.261631180557436	log.bases.per.probe right 0	13.2262916951643	prediction	1
solid	13.2386936838472	14.8762218921134	0.261631180557436	0.261631180557436	log.bases.per.probe right 0	13.2386936838472	prediction	1
solid	13.2529728597355	14.8762218921134	0.261631180557436	0.261631180557436	log.bases.per.probe right 0	13.2529728597355	prediction	1
solid	13.2603342141953	14.8762218921134	0.261631180557436	0.261631180557436	log.bases.per.probe right 0	13.2603342141953	prediction	1
solid	13.2723821562637	14.8762218921134	0.261631180557436	0.261631180557436	log.bases.per.probe right 0	13.2723821562637	prediction	1
solid	13.283507089371	14.8762218921134	0.261631180557436	0.261631180557436	log.bases.per.probe right 0	13.283507089371	prediction	1
solid	13.2871434690356	14.8762218921134	0.261631180557436	0.261631180557436	log.bases.per.probe right 0	13.2871434690356	prediction	1
solid	13.2918522745671	14.8762218921134	0.261631180557436	0.261631180557436	log.bases.per.probe right 0	13.2918522745671	prediction	1
solid	13.2956939545344	14.8762218921134	0.261631180557436	0.261631180557436	log.bases.per.probe right 0	13.2956939545344	prediction	1
solid	13.3006753297113	14.8762218921134	0.261631180557436	0.261631180557436	log.bases.per.probe right 0	13.3006753297113	prediction	1
solid	13.3101720501114	14.8762218921134	0.261631180557436	0.261631180557436	log.bases.per.probe right 0	13.3101720501114	prediction	1
solid	13.3745281032056	14.8762218921134	0.261631180557436	0.261631180557436	log.bases.per.probe right 0	13.3745281032056	prediction	1
solid	13.4655483271887	14.8762218921134	0.0402743457106544	0.0402743457106544	log.bases.per.probe right 0	13.4655483271887	prediction	1
solid	13.5270927062044	14.8762218921134	0.0402743457106544	0.0402743457106544	log.bases.per.probe right 0	13.5270927062044	prediction	1
solid	13.5578468256479	14.8762218921134	0.0402743457106544	0.0402743457106544	log.bases.per.probe right 0	13.5578468256479	prediction	1
solid	13.5600235909162	14.8762218921134	0.0402743457106544	0.0402743457106544	log.bases.per.probe right 0	13.5600235909162	prediction	1
solid	13.5679953892622	14.8762218921134	0.0402743457106544	0.0402743457106544	log.bases.per.probe right 0	13.5679953892622	prediction	1
solid	13.5857649899454	14.8762218921134	0.0402743457106544	0.0402743457106544	log.bases.per.probe right 0	13.5857649899454	prediction	1
solid	13.6129620259783	14.8762218921134	0.0402743457106544	0.0402743457106544	log.bases.per.probe right 0	13.6129620259783	prediction	1
solid	13.6332490894889	14.8762218921134	0.261631180557436	0.261631180557436	log.bases.per.probe right 0	13.6332490894889	prediction	1
solid	13.6440254193657	14.8762218921134	0.261631180557436	0.261631180557436	log.bases.per.probe right 0	13.6440254193657	prediction	1
solid	13.6631360257758	14.8762218921134	0.261631180557436	0.261631180557436	log.bases.per.probe right 0	13.6631360257758	prediction	1
solid	13.6755260402751	14.8762218921134	0.261631180557436	0.261631180557436	log.bases.per.probe right 0	13.6755260402751	prediction	1
solid	13.676513530019	14.8762218921134	0.261631180557436	0.261631180557436	log.bases.per.probe right 0	13.676513530019	prediction	1
solid	13.6788304074389	14.8762218921134	0.261631180557436	0.261631180557436	log.bases.per.probe right 0	13.6788304074389	prediction	1
solid	13.6820513810004	14.8762218921134	0.261631180557436	0.261631180557436	log.bases.per.probe right 0	13.6820513810004	prediction	1
solid	13.6838381339109	14.8762218921134	0.261631180557436	0.261631180557436	log.bases.per.probe right 0	13.6838381339109	prediction	1
solid	13.6877904757736	14.8762218921134	0.261631180557436	0.261631180557436	log.bases.per.probe right 0	13.6877904757736	prediction	1
solid	13.6949200209736	14.8762218921134	0.261631180557436	0.261631180557436	log.bases.per.probe right 0	13.6949200209736	prediction	1
solid	13.7012004320094	14.8762218921134	0.261631180557436	0.261631180557436	log.bases.per.probe right 0	13.7012004320094	prediction	1
solid	13.7080342513737	14.8762218921134	0.261631180557436	0.261631180557436	log.bases.per.probe right 0	13.7080342513737	prediction	1
solid	13.7146458989158	14.8762218921134	0.261631180557436	0.261631180557436	log.bases.per.probe right 0	13.7146458989158	prediction	1
solid	13.7277910036096	14.8762218921134	0.261631180557436	0.261631180557436	log.bases.per.probe right 0	13.7277910036096	prediction	1
solid	13.7391122419845	14.8762218921134	0.261631180557436	0.261631180557436	log.bases.per.probe right 0	13.7391122419845	prediction	1
solid	13.7415315561622	14.8762218921134	0.261631180557436	0.261631180557436	log.bases.per.probe right 0	13.7415315561622	prediction	1
solid	13.7532538100591	14.8762218921134	0.261631180557436	0.261631180557436	log.bases.per.probe right 0	13.7532538100591	prediction	1
solid	13.7752701320646	14.8762218921134	0.261631180557436	0.261631180557436	log.bases.per.probe right 0	13.7752701320646	prediction	1
solid	13.7980149134727	14.8762218921134	0.261631180557436	0.261631180557436	log.bases.per.probe right 0	13.7980149134727	prediction	1
solid	13.8425037914511	14.8762218921134	0.283027326253763	0.283027326253763	log.bases.per.probe right 0	13.8425037914511	prediction	1
solid	13.8776152795826	14.8762218921134	0.283027326253763	0.283027326253763	log.bases.per.probe right 0	13.8776152795826	prediction	1
solid	13.8962707835669	14.8762218921134	0.283027326253763	0.283027326253763	log.bases.per.probe right 0	13.8962707835669	prediction	1
solid	13.9191076497234	14.8762218921134	0.283027326253763	0.283027326253763	log.bases.per.probe right 0	13.9191076497234	prediction	1
solid	13.9241888191246	14.8762218921134	0.283027326253763	0.283027326253763	log.bases.per.probe right 0	13.9241888191246	prediction	1
solid	13.9293161075	14.8762218921134	-0.1596835713029	-0.1596835713029	log.bases.per.probe right 0	13.9293161075	prediction	1
solid	13.9625609781345	14.8762218921134	-0.1596835713029	-0.1596835713029	log.bases.per.probe right 0	13.9625609781345	prediction	1
solid	14.0065771680633	14.8762218921134	-0.1596835713029	-0.1596835713029	log.bases.per.probe right 0	14.0065771680633	prediction	1
solid	14.0256877744734	14.8762218921134	-0.1596835713029	-0.1596835713029	log.bases.per.probe right 0	14.0256877744734	prediction	1
solid	14.0387604145256	14.8762218921134	0.20902906185542	0.20902906185542	log.bases.per.probe right 0	14.0387604145256	prediction	1
solid	14.0758144006024	14.8762218921134	0.20902906185542	0.20902906185542	log.bases.per.probe right 0	14.0758144006024	prediction	1
solid	14.1615569769173	14.8762218921134	0.20902906185542	0.20902906185542	log.bases.per.probe right 0	14.1615569769173	prediction	1
solid	14.3075436807361	14.8762218921134	-0.427278543723117	-0.427278543723117	log.bases.per.probe right 0	14.3075436807361	prediction	1
solid	14.428773444433	14.8762218921134	0.836107142473267	0.836107142473267	log.bases.per.probe right 0	14.428773444433	prediction	1
dotted	10.605882980679	10.6188092207447	2.09782329634117	2.09782329634117	log.bases.per.probe left 1	10.6188092207447	margin	1
dotted	10.605882980679	10.6207205001521	2.09782329634117	2.09782329634117	log.bases.per.probe left 1	10.6207205001521	margin	1
dotted	10.605882980679	10.6250808065712	2.09782329634117	2.09782329634117	log.bases.per.probe left 1	10.6250808065712	margin	1
dotted	10.605882980679	11.658095569196	2.64893622494239	2.64893622494239	log.bases.per.probe left 1	11.658095569196	margin	1
dotted	10.605882980679	12.6902202069001	2.64893622494239	2.64893622494239	log.bases.per.probe left 1	12.6902202069001	margin	1
dotted	10.605882980679	12.6942688120164	2.37337976064178	2.37337976064178	log.bases.per.probe left 1	12.6942688120164	margin	1
dotted	10.605882980679	12.7747146113588	2.37337976064178	2.37337976064178	log.bases.per.probe left 1	12.7747146113588	margin	1
dotted	10.605882980679	12.8538994702124	2.08093585685601	2.08093585685601	log.bases.per.probe left 1	12.8538994702124	margin	1
dotted	10.605882980679	12.8562053928237	2.08093585685601	2.08093585685601	log.bases.per.probe left 1	12.8562053928237	margin	1
dotted	10.605882980679	12.8954195919002	2.08093585685601	2.08093585685601	log.bases.per.probe left 1	12.8954195919002	margin	1
dotted	10.605882980679	12.975327032703	1.84478619003574	1.84478619003574	log.bases.per.probe left 1	12.975327032703	margin	1
dotted	10.605882980679	13.0203756460408	1.84478619003574	1.84478619003574	log.bases.per.probe left 1	13.0203756460408	margin	1
dotted	10.605882980679	13.0286054368555	2.05049038750799	2.05049038750799	log.bases.per.probe left 1	13.0286054368555	margin	1
dotted	10.605882980679	13.0429330647357	2.05049038750799	2.05049038750799	log.bases.per.probe left 1	13.0429330647357	margin	1
dotted	10.605882980679	13.0665981428586	2.05049038750799	2.05049038750799	log.bases.per.probe left 1	13.0665981428586	margin	1
dotted	10.605882980679	13.090414821262	2.05049038750799	2.05049038750799	log.bases.per.probe left 1	13.090414821262	margin	1
dotted	10.605882980679	13.1014535566124	2.05049038750799	2.05049038750799	log.bases.per.probe left 1	13.1014535566124	margin	1
dotted	10.605882980679	13.1045090162125	2.05049038750799	2.05049038750799	log.bases.per.probe left 1	13.1045090162125	margin	1
dotted	10.605882980679	13.1094743003138	2.05049038750799	2.05049038750799	log.bases.per.probe left 1	13.1094743003138	margin	1
dotted	10.605882980679	13.1187624931002	2.05049038750799	2.05049038750799	log.bases.per.probe left 1	13.1187624931002	margin	1
dotted	10.605882980679	13.1252450510952	2.05049038750799	2.05049038750799	log.bases.per.probe left 1	13.1252450510952	margin	1
dotted	10.605882980679	13.1296385632981	2.05049038750799	2.05049038750799	log.bases.per.probe left 1	13.1296385632981	margin	1
dotted	10.605882980679	13.1342359070766	2.05049038750799	2.05049038750799	log.bases.per.probe left 1	13.1342359070766	margin	1
dotted	10.605882980679	13.1361317859771	2.05049038750799	2.05049038750799	log.bases.per.probe left 1	13.1361317859771	margin	1
dotted	10.605882980679	13.1399218682861	2.05049038750799	2.05049038750799	log.bases.per.probe left 1	13.1399218682861	margin	1
dotted	10.605882980679	13.1431674228634	1.83122816017289	1.83122816017289	log.bases.per.probe left 1	13.1431674228634	margin	1
dotted	10.605882980679	13.1559968284758	1.83122816017289	1.83122816017289	log.bases.per.probe left 1	13.1559968284758	margin	1
dotted	10.605882980679	13.1721085299889	1.83122816017289	1.83122816017289	log.bases.per.probe left 1	13.1721085299889	margin	1
dotted	10.605882980679	13.1969012173851	1.41062550723369	1.41062550723369	log.bases.per.probe left 1	13.1969012173851	margin	1
dotted	10.605882980679	13.220640197723	1.41062550723369	1.41062550723369	log.bases.per.probe left 1	13.220640197723	margin	1
dotted	10.605882980679	13.2262916951643	1.41062550723369	1.41062550723369	log.bases.per.probe left 1	13.2262916951643	margin	1
dotted	10.605882980679	13.2386936838472	1.41062550723369	1.41062550723369	log.bases.per.probe left 1	13.2386936838472	margin	1
dotted	10.605882980679	13.2529728597355	1.41062550723369	1.41062550723369	log.bases.per.probe left 1	13.2529728597355	margin	1
dotted	10.605882980679	13.2603342141953	1.41062550723369	1.41062550723369	log.bases.per.probe left 1	13.2603342141953	margin	1
dotted	10.605882980679	13.2723821562637	1.41062550723369	1.41062550723369	log.bases.per.probe left 1	13.2723821562637	margin	1
dotted	10.605882980679	13.283507089371	1.41062550723369	1.41062550723369	log.bases.per.probe left 1	13.283507089371	margin	1
dotted	10.605882980679	13.2871434690356	1.41062550723369	1.41062550723369	log.bases.per.probe left 1	13.2871434690356	margin	1
dotted	10.605882980679	13.2918522745671	1.41062550723369	1.41062550723369	log.bases.per.probe left 1	13.2918522745671	margin	1
dotted	10.605882980679	13.2956939545344	1.41062550723369	1.41062550723369	log.bases.per.probe left 1	13.2956939545344	margin	1
dotted	10.605882980679	13.3006753297113	1.41062550723369	1.41062550723369	log.bases.per.probe left 1	13.3006753297113	margin	1
dotted	10.605882980679	13.3101720501114	1.41062550723369	1.41062550723369	log.bases.per.probe left 1	13.3101720501114	margin	1
dotted	10.605882980679	13.3745281032056	1.41008257027031	1.41008257027031	log.bases.per.probe left 1	13.3745281032056	margin	1
dotted	10.605882980679	13.4655483271887	1.41008257027031	1.41008257027031	log.bases.per.probe left 1	13.4655483271887	margin	1
dotted	10.605882980679	13.5270927062044	1.41008257027031	1.41008257027031	log.bases.per.probe left 1	13.5270927062044	margin	1
dotted	10.605882980679	13.5578468256479	1.41008257027031	1.41008257027031	log.bases.per.probe left 1	13.5578468256479	margin	1
dotted	10.605882980679	13.5600235909162	1.41008257027031	1.41008257027031	log.bases.per.probe left 1	13.5600235909162	margin	1
dotted	10.605882980679	13.5679953892622	1.41008257027031	1.41008257027031	log.bases.per.probe left 1	13.5679953892622	margin	1
dotted	10.605882980679	13.5857649899454	1.41008257027031	1.41008257027031	log.bases.per.probe left 1	13.5857649899454	margin	1
dotted	10.605882980679	13.6129620259783	1.41008257027031	1.41008257027031	log.bases.per.probe left 1	13.6129620259783	margin	1
dotted	10.605882980679	13.6332490894889	1.16590604469028	1.16590604469028	log.bases.per.probe left 1	13.6332490894889	margin	1
dotted	10.605882980679	13.6440254193657	1.16590604469028	1.16590604469028	log.bases.per.probe left 1	13.6440254193657	margin	1
dotted	10.605882980679	13.6631360257758	1.16590604469028	1.16590604469028	log.bases.per.probe left 1	13.6631360257758	margin	1
dotted	10.605882980679	13.6755260402751	1.16590604469028	1.16590604469028	log.bases.per.probe left 1	13.6755260402751	margin	1
dotted	10.605882980679	13.676513530019	1.16590604469028	1.16590604469028	log.bases.per.probe left 1	13.676513530019	margin	1
dotted	10.605882980679	13.6788304074389	1.16590604469028	1.16590604469028	log.bases.per.probe left 1	13.6788304074389	margin	1
dotted	10.605882980679	13.6820513810004	1.16590604469028	1.16590604469028	log.bases.per.probe left 1	13.6820513810004	margin	1
dotted	10.605882980679	13.6838381339109	1.16590604469028	1.16590604469028	log.bases.per.probe left 1	13.6838381339109	margin	1
dotted	10.605882980679	13.6877904757736	1.16590604469028	1.16590604469028	log.bases.per.probe left 1	13.6877904757736	margin	1
dotted	10.605882980679	13.6949200209736	1.16590604469028	1.16590604469028	log.bases.per.probe left 1	13.6949200209736	margin	1
dotted	10.605882980679	13.7012004320094	1.16590604469028	1.16590604469028	log.bases.per.probe left 1	13.7012004320094	margin	1
dotted	10.605882980679	13.7080342513737	1.16590604469028	1.16590604469028	log.bases.per.probe left 1	13.7080342513737	margin	1
dotted	10.605882980679	13.7146458989158	1.16590604469028	1.16590604469028	log.bases.per.probe left 1	13.7146458989158	margin	1
dotted	10.605882980679	13.7277910036096	1.16590604469028	1.16590604469028	log.bases.per.probe left 1	13.7277910036096	margin	1
dotted	10.605882980679	13.7391122419845	1.16590604469028	1.16590604469028	log.bases.per.probe left 1	13.7391122419845	margin	1
dotted	10.605882980679	13.7415315561622	1.16590604469028	1.16590604469028	log.bases.per.probe left 1	13.7415315561622	margin	1
dotted	10.605882980679	13.7532538100591	1.16590604469028	1.16590604469028	log.bases.per.probe left 1	13.7532538100591	margin	1
dotted	10.605882980679	13.7752701320646	1.16590604469028	1.16590604469028	log.bases.per.probe left 1	13.7752701320646	margin	1
dotted	10.605882980679	13.7980149134727	1.16590604469028	1.16590604469028	log.bases.per.probe left 1	13.7980149134727	margin	1
dotted	10.605882980679	13.8425037914511	1.11614377788693	1.11614377788693	log.bases.per.probe left 1	13.8425037914511	margin	1
dotted	10.605882980679	13.8776152795826	1.11614377788693	1.11614377788693	log.bases.per.probe left 1	13.8776152795826	margin	1
dotted	10.605882980679	13.8962707835669	1.11614377788693	1.11614377788693	log.bases.per.probe left 1	13.8962707835669	margin	1
dotted	10.605882980679	13.9191076497234	1.11614377788693	1.11614377788693	log.bases.per.probe left 1	13.9191076497234	margin	1
dotted	10.605882980679	13.9241888191246	1.11614377788693	1.11614377788693	log.bases.per.probe left 1	13.9241888191246	margin	1
dotted	10.605882980679	13.9293161075	1.11614377788693	1.11614377788693	log.bases.per.probe left 1	13.9293161075	margin	1
dotted	10.605882980679	13.9625609781345	1.11614377788693	1.11614377788693	log.bases.per.probe left 1	13.9625609781345	margin	1
dotted	10.605882980679	14.0065771680633	1.11614377788693	1.11614377788693	log.bases.per.probe left 1	14.0065771680633	margin	1
dotted	10.605882980679	14.0256877744734	1.11614377788693	1.11614377788693	log.bases.per.probe left 1	14.0256877744734	margin	1
dotted	10.605882980679	14.0387604145256	1.06180468513563	1.06180468513563	log.bases.per.probe left 1	14.0387604145256	margin	1
dotted	10.605882980679	14.0758144006024	1.06180468513563	1.06180468513563	log.bases.per.probe left 1	14.0758144006024	margin	1
dotted	10.605882980679	14.1615569769173	1.06180468513563	1.06180468513563	log.bases.per.probe left 1	14.1615569769173	margin	1
dotted	10.605882980679	14.3075436807361	1.06180468513563	1.06180468513563	log.bases.per.probe left 1	14.3075436807361	margin	1
dotted	10.605882980679	14.428773444433	1.06180468513563	1.06180468513563	log.bases.per.probe left 1	14.428773444433	margin	1
dotted	10.6188092207447	14.8762218921134	0.997389814231067	0.997389814231067	log.bases.per.probe right 1	10.6188092207447	margin	1
dotted	10.6207205001521	14.8762218921134	0.925443443701682	0.925443443701682	log.bases.per.probe right 1	10.6207205001521	margin	1
dotted	10.6250808065712	14.8762218921134	0.925443443701682	0.925443443701682	log.bases.per.probe right 1	10.6250808065712	margin	1
dotted	11.658095569196	14.8762218921134	0.88533663796607	0.88533663796607	log.bases.per.probe right 1	11.658095569196	margin	1
dotted	12.6902202069001	14.8762218921134	0.88533663796607	0.88533663796607	log.bases.per.probe right 1	12.6902202069001	margin	1
dotted	12.6942688120164	14.8762218921134	0.925443443701682	0.925443443701682	log.bases.per.probe right 1	12.6942688120164	margin	1
dotted	12.7747146113588	14.8762218921134	0.925443443701682	0.925443443701682	log.bases.per.probe right 1	12.7747146113588	margin	1
dotted	12.8538994702124	14.8762218921134	0.946839589398008	0.946839589398008	log.bases.per.probe right 1	12.8538994702124	margin	1
dotted	12.8562053928237	14.8762218921134	0.946839589398008	0.946839589398008	log.bases.per.probe right 1	12.8562053928237	margin	1
dotted	12.8954195919002	14.8762218921134	0.946839589398008	0.946839589398008	log.bases.per.probe right 1	12.8954195919002	margin	1
dotted	12.975327032703	14.8762218921134	0.946839589398008	0.946839589398008	log.bases.per.probe right 1	12.975327032703	margin	1
dotted	13.0203756460408	14.8762218921134	0.925443443701682	0.925443443701682	log.bases.per.probe right 1	13.0203756460408	margin	1
dotted	13.0286054368555	14.8762218921134	0.775108003861589	0.775108003861589	log.bases.per.probe right 1	13.0286054368555	margin	1
dotted	13.0429330647357	14.8762218921134	0.775108003861589	0.775108003861589	log.bases.per.probe right 1	13.0429330647357	margin	1
dotted	13.0665981428586	14.8762218921134	0.775108003861589	0.775108003861589	log.bases.per.probe right 1	13.0665981428586	margin	1
dotted	13.090414821262	14.8762218921134	0.775108003861589	0.775108003861589	log.bases.per.probe right 1	13.090414821262	margin	1
dotted	13.1014535566124	14.8762218921134	0.775108003861589	0.775108003861589	log.bases.per.probe right 1	13.1014535566124	margin	1
dotted	13.1045090162125	14.8762218921134	0.775108003861589	0.775108003861589	log.bases.per.probe right 1	13.1045090162125	margin	1
dotted	13.1094743003138	14.8762218921134	0.775108003861589	0.775108003861589	log.bases.per.probe right 1	13.1094743003138	margin	1
dotted	13.1187624931002	14.8762218921134	0.775108003861589	0.775108003861589	log.bases.per.probe right 1	13.1187624931002	margin	1
dotted	13.1252450510952	14.8762218921134	0.775108003861589	0.775108003861589	log.bases.per.probe right 1	13.1252450510952	margin	1
dotted	13.1296385632981	14.8762218921134	0.612158699460779	0.612158699460779	log.bases.per.probe right 1	13.1296385632981	margin	1
dotted	13.1342359070766	14.8762218921134	0.612158699460779	0.612158699460779	log.bases.per.probe right 1	13.1342359070766	margin	1
dotted	13.1361317859771	14.8762218921134	0.612158699460779	0.612158699460779	log.bases.per.probe right 1	13.1361317859771	margin	1
dotted	13.1399218682861	14.8762218921134	0.612158699460779	0.612158699460779	log.bases.per.probe right 1	13.1399218682861	margin	1
dotted	13.1431674228634	14.8762218921134	0.775108003861589	0.775108003861589	log.bases.per.probe right 1	13.1431674228634	margin	1
dotted	13.1559968284758	14.8762218921134	0.775108003861589	0.775108003861589	log.bases.per.probe right 1	13.1559968284758	margin	1
dotted	13.1721085299889	14.8762218921134	0.612158699460779	0.612158699460779	log.bases.per.probe right 1	13.1721085299889	margin	1
dotted	13.1969012173851	14.8762218921134	0.761631180557436	0.761631180557436	log.bases.per.probe right 1	13.1969012173851	margin	1
dotted	13.220640197723	14.8762218921134	0.761631180557436	0.761631180557436	log.bases.per.probe right 1	13.220640197723	margin	1
dotted	13.2262916951643	14.8762218921134	0.761631180557436	0.761631180557436	log.bases.per.probe right 1	13.2262916951643	margin	1
dotted	13.2386936838472	14.8762218921134	0.761631180557436	0.761631180557436	log.bases.per.probe right 1	13.2386936838472	margin	1
dotted	13.2529728597355	14.8762218921134	0.761631180557436	0.761631180557436	log.bases.per.probe right 1	13.2529728597355	margin	1
dotted	13.2603342141953	14.8762218921134	0.761631180557436	0.761631180557436	log.bases.per.probe right 1	13.2603342141953	margin	1
dotted	13.2723821562637	14.8762218921134	0.761631180557436	0.761631180557436	log.bases.per.probe right 1	13.2723821562637	margin	1
dotted	13.283507089371	14.8762218921134	0.761631180557436	0.761631180557436	log.bases.per.probe right 1	13.283507089371	margin	1
dotted	13.2871434690356	14.8762218921134	0.761631180557436	0.761631180557436	log.bases.per.probe right 1	13.2871434690356	margin	1
dotted	13.2918522745671	14.8762218921134	0.761631180557436	0.761631180557436	log.bases.per.probe right 1	13.2918522745671	margin	1
dotted	13.2956939545344	14.8762218921134	0.761631180557436	0.761631180557436	log.bases.per.probe right 1	13.2956939545344	margin	1
dotted	13.3006753297113	14.8762218921134	0.761631180557436	0.761631180557436	log.bases.per.probe right 1	13.3006753297113	margin	1
dotted	13.3101720501114	14.8762218921134	0.761631180557436	0.761631180557436	log.bases.per.probe right 1	13.3101720501114	margin	1
dotted	13.3745281032056	14.8762218921134	0.761631180557436	0.761631180557436	log.bases.per.probe right 1	13.3745281032056	margin	1
dotted	13.4655483271887	14.8762218921134	0.540274345710654	0.540274345710654	log.bases.per.probe right 1	13.4655483271887	margin	1
dotted	13.5270927062044	14.8762218921134	0.540274345710654	0.540274345710654	log.bases.per.probe right 1	13.5270927062044	margin	1
dotted	13.5578468256479	14.8762218921134	0.540274345710654	0.540274345710654	log.bases.per.probe right 1	13.5578468256479	margin	1
dotted	13.5600235909162	14.8762218921134	0.540274345710654	0.540274345710654	log.bases.per.probe right 1	13.5600235909162	margin	1
dotted	13.5679953892622	14.8762218921134	0.540274345710654	0.540274345710654	log.bases.per.probe right 1	13.5679953892622	margin	1
dotted	13.5857649899454	14.8762218921134	0.540274345710654	0.540274345710654	log.bases.per.probe right 1	13.5857649899454	margin	1
dotted	13.6129620259783	14.8762218921134	0.540274345710654	0.540274345710654	log.bases.per.probe right 1	13.6129620259783	margin	1
dotted	13.6332490894889	14.8762218921134	0.761631180557436	0.761631180557436	log.bases.per.probe right 1	13.6332490894889	margin	1
dotted	13.6440254193657	14.8762218921134	0.761631180557436	0.761631180557436	log.bases.per.probe right 1	13.6440254193657	margin	1
dotted	13.6631360257758	14.8762218921134	0.761631180557436	0.761631180557436	log.bases.per.probe right 1	13.6631360257758	margin	1
dotted	13.6755260402751	14.8762218921134	0.761631180557436	0.761631180557436	log.bases.per.probe right 1	13.6755260402751	margin	1
dotted	13.676513530019	14.8762218921134	0.761631180557436	0.761631180557436	log.bases.per.probe right 1	13.676513530019	margin	1
dotted	13.6788304074389	14.8762218921134	0.761631180557436	0.761631180557436	log.bases.per.probe right 1	13.6788304074389	margin	1
dotted	13.6820513810004	14.8762218921134	0.761631180557436	0.761631180557436	log.bases.per.probe right 1	13.6820513810004	margin	1
dotted	13.6838381339109	14.8762218921134	0.761631180557436	0.761631180557436	log.bases.per.probe right 1	13.6838381339109	margin	1
dotted	13.6877904757736	14.8762218921134	0.761631180557436	0.761631180557436	log.bases.per.probe right 1	13.6877904757736	margin	1
dotted	13.6949200209736	14.8762218921134	0.761631180557436	0.761631180557436	log.bases.per.probe right 1	13.6949200209736	margin	1
dotted	13.7012004320094	14.8762218921134	0.761631180557436	0.761631180557436	log.bases.per.probe right 1	13.7012004320094	margin	1
dotted	13.7080342513737	14.8762218921134	0.761631180557436	0.761631180557436	log.bases.per.probe right 1	13.7080342513737	margin	1
dotted	13.7146458989158	14.8762218921134	0.761631180557436	0.761631180557436	log.bases.per.probe right 1	13.7146458989158	margin	1
dotted	13.7277910036096	14.8762218921134	0.761631180557436	0.761631180557436	log.bases.per.probe right 1	13.7277910036096	margin	1
dotted	13.7391122419845	14.8762218921134	0.761631180557436	0.761631180557436	log.bases.per.probe right 1	13.7391122419845	margin	1
dotted	13.7415315561622	14.8762218921134	0.761631180557436	0.761631180557436	log.bases.per.probe right 1	13.7415315561622	margin	1
dotted	13.7532538100591	14.8762218921134	0.761631180557436	0.761631180557436	log.bases.per.probe right 1	13.7532538100591	margin	1
dotted	13.7752701320646	14.8762218921134	0.761631180557436	0.761631180557436	log.bases.per.probe right 1	13.7752701320646	margin	1
dotted	13.7980149134727	14.8762218921134	0.761631180557436	0.761631180557436	log.bases.per.probe right 1	13.7980149134727	margin	1
dotted	13.8425037914511	14.8762218921134	0.783027326253763	0.783027326253763	log.bases.per.probe right 1	13.8425037914511	margin	1
dotted	13.8776152795826	14.8762218921134	0.783027326253763	0.783027326253763	log.bases.per.probe right 1	13.8776152795826	margin	1
dotted	13.8962707835669	14.8762218921134	0.783027326253763	0.783027326253763	log.bases.per.probe right 1	13.8962707835669	margin	1
dotted	13.9191076497234	14.8762218921134	0.783027326253763	0.783027326253763	log.bases.per.probe right 1	13.9191076497234	margin	1
dotted	13.9241888191246	14.8762218921134	0.783027326253763	0.783027326253763	log.bases.per.probe right 1	13.9241888191246	margin	1
dotted	13.9293161075	14.8762218921134	0.3403164286971	0.3403164286971	log.bases.per.probe right 1	13.9293161075	margin	1
dotted	13.9625609781345	14.8762218921134	0.3403164286971	0.3403164286971	log.bases.per.probe right 1	13.9625609781345	margin	1
dotted	14.0065771680633	14.8762218921134	0.3403164286971	0.3403164286971	log.bases.per.probe right 1	14.0065771680633	margin	1
dotted	14.0256877744734	14.8762218921134	0.3403164286971	0.3403164286971	log.bases.per.probe right 1	14.0256877744734	margin	1
dotted	14.0387604145256	14.8762218921134	0.70902906185542	0.70902906185542	log.bases.per.probe right 1	14.0387604145256	margin	1
dotted	14.0758144006024	14.8762218921134	0.70902906185542	0.70902906185542	log.bases.per.probe right 1	14.0758144006024	margin	1
dotted	14.1615569769173	14.8762218921134	0.70902906185542	0.70902906185542	log.bases.per.probe right 1	14.1615569769173	margin	1
dotted	14.3075436807361	14.8762218921134	0.0727214562768834	0.0727214562768834	log.bases.per.probe right 1	14.3075436807361	margin	1
dotted	14.428773444433	14.8762218921134	1.33610714247327	1.33610714247327	log.bases.per.probe right 1	14.428773444433	margin	1
dotted	-3.65457367769054	-3.46142381629557	-2.28172557795702	-2.28172557795702	log.mad left -1	-3.46142381629557	margin	2
dotted	-3.65457367769054	-3.43282747291109	-2.28172557795702	-2.28172557795702	log.mad left -1	-3.43282747291109	margin	2
dotted	-3.65457367769054	-3.40517154532405	-1.48583733636681	-1.48583733636681	log.mad left -1	-3.40517154532405	margin	2
dotted	-3.65457367769054	-3.3425240529057	-1.48583733636681	-1.48583733636681	log.mad left -1	-3.3425240529057	margin	2
dotted	-3.65457367769054	-3.28690415923927	-1.48583733636681	-1.48583733636681	log.mad left -1	-3.28690415923927	margin	2
dotted	-3.65457367769054	-3.25718137605412	-1.48583733636681	-1.48583733636681	log.mad left -1	-3.25718137605412	margin	2
dotted	-3.65457367769054	-3.23007133061773	-1.48583733636681	-1.48583733636681	log.mad left -1	-3.23007133061773	margin	2
dotted	-3.65457367769054	-3.19934456195085	-1.48583733636681	-1.48583733636681	log.mad left -1	-3.19934456195085	margin	2
dotted	-3.65457367769054	-3.18268254716402	-0.430699623796459	-0.430699623796459	log.mad left -1	-3.18268254716402	margin	2
dotted	-3.65457367769054	-3.17626573633418	-0.430699623796459	-0.430699623796459	log.mad left -1	-3.17626573633418	margin	2
dotted	-3.65457367769054	-3.15418441021787	-0.430699623796459	-0.430699623796459	log.mad left -1	-3.15418441021787	margin	2
dotted	-3.65457367769054	-3.13510218222723	-0.430699623796459	-0.430699623796459	log.mad left -1	-3.13510218222723	margin	2
dotted	-3.65457367769054	-3.1288321516282	-0.430699623796459	-0.430699623796459	log.mad left -1	-3.1288321516282	margin	2
dotted	-3.65457367769054	-3.12428325754699	-0.430699623796459	-0.430699623796459	log.mad left -1	-3.12428325754699	margin	2
dotted	-3.65457367769054	-3.11052969191975	-0.430699623796459	-0.430699623796459	log.mad left -1	-3.11052969191975	margin	2
dotted	-3.65457367769054	-3.09633058719428	-0.430699623796459	-0.430699623796459	log.mad left -1	-3.09633058719428	margin	2
dotted	-3.65457367769054	-3.06797832719976	-0.41065632187573	-0.41065632187573	log.mad left -1	-3.06797832719976	margin	2
dotted	-3.65457367769054	-3.03874000705693	-0.41065632187573	-0.41065632187573	log.mad left -1	-3.03874000705693	margin	2
dotted	-3.65457367769054	-3.03275494018199	0.235265439873894	0.235265439873894	log.mad left -1	-3.03275494018199	margin	2
dotted	-3.65457367769054	-3.01673144302113	0.235265439873894	0.235265439873894	log.mad left -1	-3.01673144302113	margin	2
dotted	-3.65457367769054	-2.9997273296055	0.235265439873894	0.235265439873894	log.mad left -1	-2.9997273296055	margin	2
dotted	-3.65457367769054	-2.99300764584068	0.235265439873894	0.235265439873894	log.mad left -1	-2.99300764584068	margin	2
dotted	-3.65457367769054	-2.97756749772815	0.235265439873894	0.235265439873894	log.mad left -1	-2.97756749772815	margin	2
dotted	-3.65457367769054	-2.95671233316695	0.235265439873894	0.235265439873894	log.mad left -1	-2.95671233316695	margin	2
dotted	-3.65457367769054	-2.93399282300782	0.235265439873894	0.235265439873894	log.mad left -1	-2.93399282300782	margin	2
dotted	-3.65457367769054	-2.91925822882904	0.235265439873894	0.235265439873894	log.mad left -1	-2.91925822882904	margin	2
dotted	-3.65457367769054	-2.91272294490496	0.235265439873894	0.235265439873894	log.mad left -1	-2.91272294490496	margin	2
dotted	-3.65457367769054	-2.90091679298919	-0.11466336203393	-0.11466336203393	log.mad left -1	-2.90091679298919	margin	2
dotted	-3.65457367769054	-2.89532856742363	-0.11466336203393	-0.11466336203393	log.mad left -1	-2.89532856742363	margin	2
dotted	-3.65457367769054	-2.89331240801927	-0.11466336203393	-0.11466336203393	log.mad left -1	-2.89331240801927	margin	2
dotted	-3.65457367769054	-2.8903268175071	-0.11466336203393	-0.11466336203393	log.mad left -1	-2.8903268175071	margin	2
dotted	-3.65457367769054	-2.88871961823805	-0.11466336203393	-0.11466336203393	log.mad left -1	-2.88871961823805	margin	2
dotted	-3.65457367769054	-2.88532403385801	-0.206188746046277	-0.206188746046277	log.mad left -1	-2.88532403385801	margin	2
dotted	-3.65457367769054	-2.87672990892027	-0.206188746046277	-0.206188746046277	log.mad left -1	-2.87672990892027	margin	2
dotted	-3.65457367769054	-2.8631083816259	-0.206188746046277	-0.206188746046277	log.mad left -1	-2.8631083816259	margin	2
dotted	-3.65457367769054	-2.85428308693244	-0.206188746046277	-0.206188746046277	log.mad left -1	-2.85428308693244	margin	2
dotted	-3.65457367769054	-2.84181173764153	-0.206188746046277	-0.206188746046277	log.mad left -1	-2.84181173764153	margin	2
dotted	-3.65457367769054	-2.83007162703623	-0.206188746046277	-0.206188746046277	log.mad left -1	-2.83007162703623	margin	2
dotted	-3.65457367769054	-2.82380106448097	-0.206188746046277	-0.206188746046277	log.mad left -1	-2.82380106448097	margin	2
dotted	-3.65457367769054	-2.81644846638205	-0.206188746046277	-0.206188746046277	log.mad left -1	-2.81644846638205	margin	2
dotted	-3.65457367769054	-2.80999344651041	-0.206188746046277	-0.206188746046277	log.mad left -1	-2.80999344651041	margin	2
dotted	-3.65457367769054	-2.79804633071877	-0.206188746046277	-0.206188746046277	log.mad left -1	-2.79804633071877	margin	2
dotted	-3.65457367769054	-2.77797327190277	-0.195499260557359	-0.195499260557359	log.mad left -1	-2.77797327190277	margin	2
dotted	-3.65457367769054	-2.75634625462163	-0.195499260557359	-0.195499260557359	log.mad left -1	-2.75634625462163	margin	2
dotted	-3.65457367769054	-2.73877837170882	-0.195499260557359	-0.195499260557359	log.mad left -1	-2.73877837170882	margin	2
dotted	-3.65457367769054	-2.72755138854465	-0.195499260557359	-0.195499260557359	log.mad left -1	-2.72755138854465	margin	2
dotted	-3.65457367769054	-2.71015428633862	-0.195499260557359	-0.195499260557359	log.mad left -1	-2.71015428633862	margin	2
dotted	-3.65457367769054	-2.69243076768016	-0.195499260557359	-0.195499260557359	log.mad left -1	-2.69243076768016	margin	2
dotted	-3.65457367769054	-2.68920926340671	-0.11466336203393	-0.11466336203393	log.mad left -1	-2.68920926340671	margin	2
dotted	-3.65457367769054	-2.68210493411309	-0.11466336203393	-0.11466336203393	log.mad left -1	-2.68210493411309	margin	2
dotted	-3.65457367769054	-2.66526584268327	-0.11466336203393	-0.11466336203393	log.mad left -1	-2.66526584268327	margin	2
dotted	-3.65457367769054	-2.65275784209228	-0.0240063314652593	-0.0240063314652593	log.mad left -1	-2.65275784209228	margin	2
dotted	-3.65457367769054	-2.64837890931216	-0.0240063314652593	-0.0240063314652593	log.mad left -1	-2.64837890931216	margin	2
dotted	-3.65457367769054	-2.64541549027185	-0.11466336203393	-0.11466336203393	log.mad left -1	-2.64541549027185	margin	2
dotted	-3.65457367769054	-2.64417817866232	-0.11466336203393	-0.11466336203393	log.mad left -1	-2.64417817866232	margin	2
dotted	-3.65457367769054	-2.64298500767469	-0.11466336203393	-0.11466336203393	log.mad left -1	-2.64298500767469	margin	2
dotted	-3.65457367769054	-2.63963557786102	-0.0745565562983179	-0.0745565562983179	log.mad left -1	-2.63963557786102	margin	2
dotted	-3.65457367769054	-2.63594106841411	-0.0745565562983179	-0.0745565562983179	log.mad left -1	-2.63594106841411	margin	2
dotted	-3.65457367769054	-2.62673272329374	-0.0745565562983179	-0.0745565562983179	log.mad left -1	-2.62673272329374	margin	2
dotted	-3.65457367769054	-2.60328130640727	-0.0745565562983179	-0.0745565562983179	log.mad left -1	-2.60328130640727	margin	2
dotted	-3.65457367769054	-2.5641389859189	-0.0745565562983179	-0.0745565562983179	log.mad left -1	-2.5641389859189	margin	2
dotted	-3.65457367769054	-2.53912206891868	-0.11466336203393	-0.11466336203393	log.mad left -1	-2.53912206891868	margin	2
dotted	-3.65457367769054	-2.5371184193979	-0.11466336203393	-0.11466336203393	log.mad left -1	-2.5371184193979	margin	2
dotted	-3.65457367769054	-2.52571007904757	-0.11466336203393	-0.11466336203393	log.mad left -1	-2.52571007904757	margin	2
dotted	-3.65457367769054	-2.51539805737777	-0.11466336203393	-0.11466336203393	log.mad left -1	-2.51539805737777	margin	2
dotted	-3.65457367769054	-2.50951220459111	-0.11466336203393	-0.11466336203393	log.mad left -1	-2.50951220459111	margin	2
dotted	-3.65457367769054	-2.50007761910465	-0.11466336203393	-0.11466336203393	log.mad left -1	-2.50007761910465	margin	2
dotted	-3.65457367769054	-2.49343394820107	-0.11466336203393	-0.11466336203393	log.mad left -1	-2.49343394820107	margin	2
dotted	-3.65457367769054	-2.48991132351453	-0.195499260557359	-0.195499260557359	log.mad left -1	-2.48991132351453	margin	2
dotted	-3.65457367769054	-2.48671730770037	-0.245738182115472	-0.245738182115472	log.mad left -1	-2.48671730770037	margin	2
dotted	-3.65457367769054	-2.47392230699237	-0.245738182115472	-0.245738182115472	log.mad left -1	-2.47392230699237	margin	2
dotted	-3.65457367769054	-2.45628574046295	-0.245738182115472	-0.245738182115472	log.mad left -1	-2.45628574046295	margin	2
dotted	-3.65457367769054	-2.41958454296112	-0.245738182115472	-0.245738182115472	log.mad left -1	-2.41958454296112	margin	2
dotted	-3.65457367769054	-2.38841376059838	-0.245738182115472	-0.245738182115472	log.mad left -1	-2.38841376059838	margin	2
dotted	-3.65457367769054	-2.37120435033153	-0.245738182115472	-0.245738182115472	log.mad left -1	-2.37120435033153	margin	2
dotted	-3.65457367769054	-2.35492905951166	-0.245738182115472	-0.245738182115472	log.mad left -1	-2.35492905951166	margin	2
dotted	-3.65457367769054	-2.35226679651821	-0.245738182115472	-0.245738182115472	log.mad left -1	-2.35226679651821	margin	2
dotted	-3.65457367769054	-2.33839145710276	-0.195499260557359	-0.195499260557359	log.mad left -1	-2.33839145710276	margin	2
dotted	-3.65457367769054	-2.31494757059488	-0.195499260557359	-0.195499260557359	log.mad left -1	-2.31494757059488	margin	2
dotted	-3.65457367769054	-2.29231883865383	-0.195499260557359	-0.195499260557359	log.mad left -1	-2.29231883865383	margin	2
dotted	-3.65457367769054	-2.27441211011336	-0.195499260557359	-0.195499260557359	log.mad left -1	-2.27441211011336	margin	2
dotted	-3.65457367769054	-2.26777564883725	-0.195499260557359	-0.195499260557359	log.mad left -1	-2.26777564883725	margin	2
dotted	-3.65457367769054	-2.2635485360225	-0.195499260557359	-0.195499260557359	log.mad left -1	-2.2635485360225	margin	2
dotted	-3.65457367769054	-2.25402517862556	-0.195499260557359	-0.195499260557359	log.mad left -1	-2.25402517862556	margin	2
dotted	-3.65457367769054	-2.23402864892722	-0.195499260557359	-0.195499260557359	log.mad left -1	-2.23402864892722	margin	2
dotted	-3.65457367769054	-2.20496580660434	-0.245738182115472	-0.245738182115472	log.mad left -1	-2.20496580660434	margin	2
dotted	-3.65457367769054	-2.1816656939412	-0.245738182115472	-0.245738182115472	log.mad left -1	-2.1816656939412	margin	2
dotted	-3.65457367769054	-2.16812652631956	-0.245738182115472	-0.245738182115472	log.mad left -1	-2.16812652631956	margin	2
dotted	-3.65457367769054	-2.14721737123815	-0.245738182115472	-0.245738182115472	log.mad left -1	-2.14721737123815	margin	2
dotted	-3.65457367769054	-2.11249860640012	-0.245738182115472	-0.245738182115472	log.mad left -1	-2.11249860640012	margin	2
dotted	-3.65457367769054	-2.09325687446392	-0.245738182115472	-0.245738182115472	log.mad left -1	-2.09325687446392	margin	2
dotted	-3.65457367769054	-2.03548671906702	-0.195499260557359	-0.195499260557359	log.mad left -1	-2.03548671906702	margin	2
dotted	-3.65457367769054	-1.89926384535668	-0.11466336203393	-0.11466336203393	log.mad left -1	-1.89926384535668	margin	2
dotted	-3.65457367769054	-1.78601242465807	-0.0745565562983179	-0.0745565562983179	log.mad left -1	-1.78601242465807	margin	2
dotted	-3.65457367769054	-1.69846549782181	-0.0531604106019917	-0.0531604106019917	log.mad left -1	-1.69846549782181	margin	2
dotted	-3.65457367769054	-1.63850006510732	-0.00261018576893307	-0.00261018576893307	log.mad left -1	-1.63850006510732	margin	2
dotted	-3.65457367769054	-1.60242408894456	-0.00261018576893307	-0.00261018576893307	log.mad left -1	-1.60242408894456	margin	2
dotted	-3.65457367769054	-1.56256020836578	0.0618046851356349	0.0618046851356349	log.mad left -1	-1.56256020836578	margin	2
dotted	-3.65457367769054	-1.46591940265293	0.0618046851356349	0.0618046851356349	log.mad left -1	-1.46591940265293	margin	2
dotted	-3.46142381629557	-0.891915242732841	0.0618046851356349	0.0618046851356349	log.mad right -1	-3.46142381629557	margin	2
dotted	-3.43282747291109	-0.891915242732841	0.0618046851356349	0.0618046851356349	log.mad right -1	-3.43282747291109	margin	2
dotted	-3.40517154532405	-0.891915242732841	0.0618046851356349	0.0618046851356349	log.mad right -1	-3.40517154532405	margin	2
dotted	-3.3425240529057	-0.891915242732841	0.0618046851356349	0.0618046851356349	log.mad right -1	-3.3425240529057	margin	2
dotted	-3.28690415923927	-0.891915242732841	0.0618046851356349	0.0618046851356349	log.mad right -1	-3.28690415923927	margin	2
dotted	-3.25718137605412	-0.891915242732841	0.0618046851356349	0.0618046851356349	log.mad right -1	-3.25718137605412	margin	2
dotted	-3.23007133061773	-0.891915242732841	0.0618046851356349	0.0618046851356349	log.mad right -1	-3.23007133061773	margin	2
dotted	-3.19934456195085	-0.891915242732841	0.0618046851356349	0.0618046851356349	log.mad right -1	-3.19934456195085	margin	2
dotted	-3.18268254716402	-0.891915242732841	0.0618046851356349	0.0618046851356349	log.mad right -1	-3.18268254716402	margin	2
dotted	-3.17626573633418	-0.891915242732841	0.0618046851356349	0.0618046851356349	log.mad right -1	-3.17626573633418	margin	2
dotted	-3.15418441021787	-0.891915242732841	0.0618046851356349	0.0618046851356349	log.mad right -1	-3.15418441021787	margin	2
dotted	-3.13510218222723	-0.891915242732841	0.0618046851356349	0.0618046851356349	log.mad right -1	-3.13510218222723	margin	2
dotted	-3.1288321516282	-0.891915242732841	0.0618046851356349	0.0618046851356349	log.mad right -1	-3.1288321516282	margin	2
dotted	-3.12428325754699	-0.891915242732841	0.0618046851356349	0.0618046851356349	log.mad right -1	-3.12428325754699	margin	2
dotted	-3.11052969191975	-0.891915242732841	0.0618046851356349	0.0618046851356349	log.mad right -1	-3.11052969191975	margin	2
dotted	-3.09633058719428	-0.891915242732841	0.0618046851356349	0.0618046851356349	log.mad right -1	-3.09633058719428	margin	2
dotted	-3.06797832719976	-0.891915242732841	0.0618046851356349	0.0618046851356349	log.mad right -1	-3.06797832719976	margin	2
dotted	-3.03874000705693	-0.891915242732841	0.0618046851356349	0.0618046851356349	log.mad right -1	-3.03874000705693	margin	2
dotted	-3.03275494018199	-0.891915242732841	0.0618046851356349	0.0618046851356349	log.mad right -1	-3.03275494018199	margin	2
dotted	-3.01673144302113	-0.891915242732841	0.0618046851356349	0.0618046851356349	log.mad right -1	-3.01673144302113	margin	2
dotted	-2.9997273296055	-0.891915242732841	0.0618046851356349	0.0618046851356349	log.mad right -1	-2.9997273296055	margin	2
dotted	-2.99300764584068	-0.891915242732841	0.0618046851356349	0.0618046851356349	log.mad right -1	-2.99300764584068	margin	2
dotted	-2.97756749772815	-0.891915242732841	0.0618046851356349	0.0618046851356349	log.mad right -1	-2.97756749772815	margin	2
dotted	-2.95671233316695	-0.891915242732841	0.0618046851356349	0.0618046851356349	log.mad right -1	-2.95671233316695	margin	2
dotted	-2.93399282300782	-0.891915242732841	0.0618046851356349	0.0618046851356349	log.mad right -1	-2.93399282300782	margin	2
dotted	-2.91925822882904	-0.891915242732841	0.0618046851356349	0.0618046851356349	log.mad right -1	-2.91925822882904	margin	2
dotted	-2.91272294490496	-0.891915242732841	0.0618046851356349	0.0618046851356349	log.mad right -1	-2.91272294490496	margin	2
dotted	-2.90091679298919	-0.891915242732841	0.116143777886932	0.116143777886932	log.mad right -1	-2.90091679298919	margin	2
dotted	-2.89532856742363	-0.891915242732841	0.116143777886932	0.116143777886932	log.mad right -1	-2.89532856742363	margin	2
dotted	-2.89331240801927	-0.891915242732841	0.116143777886932	0.116143777886932	log.mad right -1	-2.89331240801927	margin	2
dotted	-2.8903268175071	-0.891915242732841	0.116143777886932	0.116143777886932	log.mad right -1	-2.8903268175071	margin	2
dotted	-2.88871961823805	-0.891915242732841	0.116143777886932	0.116143777886932	log.mad right -1	-2.88871961823805	margin	2
dotted	-2.88532403385801	-0.891915242732841	0.165906044690278	0.165906044690278	log.mad right -1	-2.88532403385801	margin	2
dotted	-2.87672990892027	-0.891915242732841	0.165906044690278	0.165906044690278	log.mad right -1	-2.87672990892027	margin	2
dotted	-2.8631083816259	-0.891915242732841	0.165906044690278	0.165906044690278	log.mad right -1	-2.8631083816259	margin	2
dotted	-2.85428308693244	-0.891915242732841	0.165906044690278	0.165906044690278	log.mad right -1	-2.85428308693244	margin	2
dotted	-2.84181173764153	-0.891915242732841	0.165906044690278	0.165906044690278	log.mad right -1	-2.84181173764153	margin	2
dotted	-2.83007162703623	-0.891915242732841	0.165906044690278	0.165906044690278	log.mad right -1	-2.83007162703623	margin	2
dotted	-2.82380106448097	-0.891915242732841	0.165906044690278	0.165906044690278	log.mad right -1	-2.82380106448097	margin	2
dotted	-2.81644846638205	-0.891915242732841	0.165906044690278	0.165906044690278	log.mad right -1	-2.81644846638205	margin	2
dotted	-2.80999344651041	-0.891915242732841	0.165906044690278	0.165906044690278	log.mad right -1	-2.80999344651041	margin	2
dotted	-2.79804633071877	-0.891915242732841	0.165906044690278	0.165906044690278	log.mad right -1	-2.79804633071877	margin	2
dotted	-2.77797327190277	-0.891915242732841	0.165906044690278	0.165906044690278	log.mad right -1	-2.77797327190277	margin	2
dotted	-2.75634625462163	-0.891915242732841	0.165906044690278	0.165906044690278	log.mad right -1	-2.75634625462163	margin	2
dotted	-2.73877837170882	-0.891915242732841	0.165906044690278	0.165906044690278	log.mad right -1	-2.73877837170882	margin	2
dotted	-2.72755138854465	-0.891915242732841	0.165906044690278	0.165906044690278	log.mad right -1	-2.72755138854465	margin	2
dotted	-2.71015428633862	-0.891915242732841	0.165906044690278	0.165906044690278	log.mad right -1	-2.71015428633862	margin	2
dotted	-2.69243076768016	-0.891915242732841	0.165906044690278	0.165906044690278	log.mad right -1	-2.69243076768016	margin	2
dotted	-2.68920926340671	-0.891915242732841	0.165906044690278	0.165906044690278	log.mad right -1	-2.68920926340671	margin	2
dotted	-2.68210493411309	-0.891915242732841	0.165906044690278	0.165906044690278	log.mad right -1	-2.68210493411309	margin	2
dotted	-2.66526584268327	-0.891915242732841	0.165906044690278	0.165906044690278	log.mad right -1	-2.66526584268327	margin	2
dotted	-2.65275784209228	-0.891915242732841	0.116143777886932	0.116143777886932	log.mad right -1	-2.65275784209228	margin	2
dotted	-2.64837890931216	-0.891915242732841	0.116143777886932	0.116143777886932	log.mad right -1	-2.64837890931216	margin	2
dotted	-2.64541549027185	-0.891915242732841	0.236096090043548	0.236096090043548	log.mad right -1	-2.64541549027185	margin	2
dotted	-2.64417817866232	-0.891915242732841	0.236096090043548	0.236096090043548	log.mad right -1	-2.64417817866232	margin	2
dotted	-2.64298500767469	-0.891915242732841	0.236096090043548	0.236096090043548	log.mad right -1	-2.64298500767469	margin	2
dotted	-2.63963557786102	-0.891915242732841	0.236096090043548	0.236096090043548	log.mad right -1	-2.63963557786102	margin	2
dotted	-2.63594106841411	-0.891915242732841	0.236096090043548	0.236096090043548	log.mad right -1	-2.63594106841411	margin	2
dotted	-2.62673272329374	-0.891915242732841	0.236096090043548	0.236096090043548	log.mad right -1	-2.62673272329374	margin	2
dotted	-2.60328130640727	-0.891915242732841	0.236096090043548	0.236096090043548	log.mad right -1	-2.60328130640727	margin	2
dotted	-2.5641389859189	-0.891915242732841	0.236096090043548	0.236096090043548	log.mad right -1	-2.5641389859189	margin	2
dotted	-2.53912206891868	-0.891915242732841	0.480815552586956	0.480815552586956	log.mad right -1	-2.53912206891868	margin	2
dotted	-2.5371184193979	-0.891915242732841	0.480815552586956	0.480815552586956	log.mad right -1	-2.5371184193979	margin	2
dotted	-2.52571007904757	-0.891915242732841	0.480815552586956	0.480815552586956	log.mad right -1	-2.52571007904757	margin	2
dotted	-2.51539805737777	-0.891915242732841	0.480815552586956	0.480815552586956	log.mad right -1	-2.51539805737777	margin	2
dotted	-2.50951220459111	-0.891915242732841	0.480815552586956	0.480815552586956	log.mad right -1	-2.50951220459111	margin	2
dotted	-2.50007761910465	-0.891915242732841	0.480815552586956	0.480815552586956	log.mad right -1	-2.50007761910465	margin	2
dotted	-2.49343394820107	-0.891915242732841	0.480815552586956	0.480815552586956	log.mad right -1	-2.49343394820107	margin	2
dotted	-2.48991132351453	-0.891915242732841	0.711323739137665	0.711323739137665	log.mad right -1	-2.48991132351453	margin	2
dotted	-2.48671730770037	-0.891915242732841	0.917027936609908	0.917027936609908	log.mad right -1	-2.48671730770037	margin	2
dotted	-2.47392230699237	-0.891915242732841	1.05049038750799	1.05049038750799	log.mad right -1	-2.47392230699237	margin	2
dotted	-2.45628574046295	-0.891915242732841	1.05049038750799	1.05049038750799	log.mad right -1	-2.45628574046295	margin	2
dotted	-2.41958454296112	-0.891915242732841	1.05049038750799	1.05049038750799	log.mad right -1	-2.41958454296112	margin	2
dotted	-2.38841376059838	-0.891915242732841	1.05049038750799	1.05049038750799	log.mad right -1	-2.38841376059838	margin	2
dotted	-2.37120435033153	-0.891915242732841	1.05049038750799	1.05049038750799	log.mad right -1	-2.37120435033153	margin	2
dotted	-2.35492905951166	-0.891915242732841	1.05049038750799	1.05049038750799	log.mad right -1	-2.35492905951166	margin	2
dotted	-2.35226679651821	-0.891915242732841	1.08093585685601	1.08093585685601	log.mad right -1	-2.35226679651821	margin	2
dotted	-2.33839145710276	-0.891915242732841	1.08093585685601	1.08093585685601	log.mad right -1	-2.33839145710276	margin	2
dotted	-2.31494757059488	-0.891915242732841	1.08093585685601	1.08093585685601	log.mad right -1	-2.31494757059488	margin	2
dotted	-2.29231883865383	-0.891915242732841	1.08093585685601	1.08093585685601	log.mad right -1	-2.29231883865383	margin	2
dotted	-2.27441211011336	-0.891915242732841	1.08093585685601	1.08093585685601	log.mad right -1	-2.27441211011336	margin	2
dotted	-2.26777564883725	-0.891915242732841	1.08093585685601	1.08093585685601	log.mad right -1	-2.26777564883725	margin	2
dotted	-2.2635485360225	-0.891915242732841	1.08093585685601	1.08093585685601	log.mad right -1	-2.2635485360225	margin	2
dotted	-2.25402517862556	-0.891915242732841	1.08093585685601	1.08093585685601	log.mad right -1	-2.25402517862556	margin	2
dotted	-2.23402864892722	-0.891915242732841	1.08093585685601	1.08093585685601	log.mad right -1	-2.23402864892722	margin	2
dotted	-2.20496580660434	-0.891915242732841	1.37337976064178	1.37337976064178	log.mad right -1	-2.20496580660434	margin	2
dotted	-2.1816656939412	-0.891915242732841	1.37337976064178	1.37337976064178	log.mad right -1	-2.1816656939412	margin	2
dotted	-2.16812652631956	-0.891915242732841	1.37337976064178	1.37337976064178	log.mad right -1	-2.16812652631956	margin	2
dotted	-2.14721737123815	-0.891915242732841	1.64893622494239	1.64893622494239	log.mad right -1	-2.14721737123815	margin	2
dotted	-2.11249860640012	-0.891915242732841	1.64893622494239	1.64893622494239	log.mad right -1	-2.11249860640012	margin	2
dotted	-2.09325687446392	-0.891915242732841	1.64893622494239	1.64893622494239	log.mad right -1	-2.09325687446392	margin	2
dotted	-2.03548671906702	-0.891915242732841	1.64893622494239	1.64893622494239	log.mad right -1	-2.03548671906702	margin	2
dotted	-1.89926384535668	-0.891915242732841	1.64893622494239	1.64893622494239	log.mad right -1	-1.89926384535668	margin	2
dotted	-1.78601242465807	-0.891915242732841	1.64893622494239	1.64893622494239	log.mad right -1	-1.78601242465807	margin	2
dotted	-1.69846549782181	-0.891915242732841	1.64893622494239	1.64893622494239	log.mad right -1	-1.69846549782181	margin	2
dotted	-1.63850006510732	-0.891915242732841	1.64893622494239	1.64893622494239	log.mad right -1	-1.63850006510732	margin	2
dotted	-1.60242408894456	-0.891915242732841	1.64893622494239	1.64893622494239	log.mad right -1	-1.60242408894456	margin	2
dotted	-1.56256020836578	-0.891915242732841	-0.261503151052825	-0.261503151052825	log.mad right -1	-1.56256020836578	margin	2
dotted	-1.46591940265293	-0.891915242732841	-0.918049018762426	-0.918049018762426	log.mad right -1	-1.46591940265293	margin	2
solid	-3.65457367769054	-3.46142381629557	-1.78172557795702	-1.78172557795702	log.mad left 0	-3.46142381629557	prediction	2
solid	-3.65457367769054	-3.43282747291109	-1.78172557795702	-1.78172557795702	log.mad left 0	-3.43282747291109	prediction	2
solid	-3.65457367769054	-3.40517154532405	-0.985837336366813	-0.985837336366813	log.mad left 0	-3.40517154532405	prediction	2
solid	-3.65457367769054	-3.3425240529057	-0.985837336366813	-0.985837336366813	log.mad left 0	-3.3425240529057	prediction	2
solid	-3.65457367769054	-3.28690415923927	-0.985837336366813	-0.985837336366813	log.mad left 0	-3.28690415923927	prediction	2
solid	-3.65457367769054	-3.25718137605412	-0.985837336366813	-0.985837336366813	log.mad left 0	-3.25718137605412	prediction	2
solid	-3.65457367769054	-3.23007133061773	-0.985837336366813	-0.985837336366813	log.mad left 0	-3.23007133061773	prediction	2
solid	-3.65457367769054	-3.19934456195085	-0.985837336366813	-0.985837336366813	log.mad left 0	-3.19934456195085	prediction	2
solid	-3.65457367769054	-3.18268254716402	0.0693003762035411	0.0693003762035411	log.mad left 0	-3.18268254716402	prediction	2
solid	-3.65457367769054	-3.17626573633418	0.0693003762035411	0.0693003762035411	log.mad left 0	-3.17626573633418	prediction	2
solid	-3.65457367769054	-3.15418441021787	0.0693003762035411	0.0693003762035411	log.mad left 0	-3.15418441021787	prediction	2
solid	-3.65457367769054	-3.13510218222723	0.0693003762035411	0.0693003762035411	log.mad left 0	-3.13510218222723	prediction	2
solid	-3.65457367769054	-3.1288321516282	0.0693003762035411	0.0693003762035411	log.mad left 0	-3.1288321516282	prediction	2
solid	-3.65457367769054	-3.12428325754699	0.0693003762035411	0.0693003762035411	log.mad left 0	-3.12428325754699	prediction	2
solid	-3.65457367769054	-3.11052969191975	0.0693003762035411	0.0693003762035411	log.mad left 0	-3.11052969191975	prediction	2
solid	-3.65457367769054	-3.09633058719428	0.0693003762035411	0.0693003762035411	log.mad left 0	-3.09633058719428	prediction	2
solid	-3.65457367769054	-3.06797832719976	0.0893436781242697	0.0893436781242697	log.mad left 0	-3.06797832719976	prediction	2
solid	-3.65457367769054	-3.03874000705693	0.0893436781242697	0.0893436781242697	log.mad left 0	-3.03874000705693	prediction	2
solid	-3.65457367769054	-3.03275494018199	0.735265439873894	0.735265439873894	log.mad left 0	-3.03275494018199	prediction	2
solid	-3.65457367769054	-3.01673144302113	0.735265439873894	0.735265439873894	log.mad left 0	-3.01673144302113	prediction	2
solid	-3.65457367769054	-2.9997273296055	0.735265439873894	0.735265439873894	log.mad left 0	-2.9997273296055	prediction	2
solid	-3.65457367769054	-2.99300764584068	0.735265439873894	0.735265439873894	log.mad left 0	-2.99300764584068	prediction	2
solid	-3.65457367769054	-2.97756749772815	0.735265439873894	0.735265439873894	log.mad left 0	-2.97756749772815	prediction	2
solid	-3.65457367769054	-2.95671233316695	0.735265439873894	0.735265439873894	log.mad left 0	-2.95671233316695	prediction	2
solid	-3.65457367769054	-2.93399282300782	0.735265439873894	0.735265439873894	log.mad left 0	-2.93399282300782	prediction	2
solid	-3.65457367769054	-2.91925822882904	0.735265439873894	0.735265439873894	log.mad left 0	-2.91925822882904	prediction	2
solid	-3.65457367769054	-2.91272294490496	0.735265439873894	0.735265439873894	log.mad left 0	-2.91272294490496	prediction	2
solid	-3.65457367769054	-2.90091679298919	0.38533663796607	0.38533663796607	log.mad left 0	-2.90091679298919	prediction	2
solid	-3.65457367769054	-2.89532856742363	0.38533663796607	0.38533663796607	log.mad left 0	-2.89532856742363	prediction	2
solid	-3.65457367769054	-2.89331240801927	0.38533663796607	0.38533663796607	log.mad left 0	-2.89331240801927	prediction	2
solid	-3.65457367769054	-2.8903268175071	0.38533663796607	0.38533663796607	log.mad left 0	-2.8903268175071	prediction	2
solid	-3.65457367769054	-2.88871961823805	0.38533663796607	0.38533663796607	log.mad left 0	-2.88871961823805	prediction	2
solid	-3.65457367769054	-2.88532403385801	0.293811253953723	0.293811253953723	log.mad left 0	-2.88532403385801	prediction	2
solid	-3.65457367769054	-2.87672990892027	0.293811253953723	0.293811253953723	log.mad left 0	-2.87672990892027	prediction	2
solid	-3.65457367769054	-2.8631083816259	0.293811253953723	0.293811253953723	log.mad left 0	-2.8631083816259	prediction	2
solid	-3.65457367769054	-2.85428308693244	0.293811253953723	0.293811253953723	log.mad left 0	-2.85428308693244	prediction	2
solid	-3.65457367769054	-2.84181173764153	0.293811253953723	0.293811253953723	log.mad left 0	-2.84181173764153	prediction	2
solid	-3.65457367769054	-2.83007162703623	0.293811253953723	0.293811253953723	log.mad left 0	-2.83007162703623	prediction	2
solid	-3.65457367769054	-2.82380106448097	0.293811253953723	0.293811253953723	log.mad left 0	-2.82380106448097	prediction	2
solid	-3.65457367769054	-2.81644846638205	0.293811253953723	0.293811253953723	log.mad left 0	-2.81644846638205	prediction	2
solid	-3.65457367769054	-2.80999344651041	0.293811253953723	0.293811253953723	log.mad left 0	-2.80999344651041	prediction	2
solid	-3.65457367769054	-2.79804633071877	0.293811253953723	0.293811253953723	log.mad left 0	-2.79804633071877	prediction	2
solid	-3.65457367769054	-2.77797327190277	0.304500739442641	0.304500739442641	log.mad left 0	-2.77797327190277	prediction	2
solid	-3.65457367769054	-2.75634625462163	0.304500739442641	0.304500739442641	log.mad left 0	-2.75634625462163	prediction	2
solid	-3.65457367769054	-2.73877837170882	0.304500739442641	0.304500739442641	log.mad left 0	-2.73877837170882	prediction	2
solid	-3.65457367769054	-2.72755138854465	0.304500739442641	0.304500739442641	log.mad left 0	-2.72755138854465	prediction	2
solid	-3.65457367769054	-2.71015428633862	0.304500739442641	0.304500739442641	log.mad left 0	-2.71015428633862	prediction	2
solid	-3.65457367769054	-2.69243076768016	0.304500739442641	0.304500739442641	log.mad left 0	-2.69243076768016	prediction	2
solid	-3.65457367769054	-2.68920926340671	0.38533663796607	0.38533663796607	log.mad left 0	-2.68920926340671	prediction	2
solid	-3.65457367769054	-2.68210493411309	0.38533663796607	0.38533663796607	log.mad left 0	-2.68210493411309	prediction	2
solid	-3.65457367769054	-2.66526584268327	0.38533663796607	0.38533663796607	log.mad left 0	-2.66526584268327	prediction	2
solid	-3.65457367769054	-2.65275784209228	0.475993668534741	0.475993668534741	log.mad left 0	-2.65275784209228	prediction	2
solid	-3.65457367769054	-2.64837890931216	0.475993668534741	0.475993668534741	log.mad left 0	-2.64837890931216	prediction	2
solid	-3.65457367769054	-2.64541549027185	0.38533663796607	0.38533663796607	log.mad left 0	-2.64541549027185	prediction	2
solid	-3.65457367769054	-2.64417817866232	0.38533663796607	0.38533663796607	log.mad left 0	-2.64417817866232	prediction	2
solid	-3.65457367769054	-2.64298500767469	0.38533663796607	0.38533663796607	log.mad left 0	-2.64298500767469	prediction	2
solid	-3.65457367769054	-2.63963557786102	0.425443443701682	0.425443443701682	log.mad left 0	-2.63963557786102	prediction	2
solid	-3.65457367769054	-2.63594106841411	0.425443443701682	0.425443443701682	log.mad left 0	-2.63594106841411	prediction	2
solid	-3.65457367769054	-2.62673272329374	0.425443443701682	0.425443443701682	log.mad left 0	-2.62673272329374	prediction	2
solid	-3.65457367769054	-2.60328130640727	0.425443443701682	0.425443443701682	log.mad left 0	-2.60328130640727	prediction	2
solid	-3.65457367769054	-2.5641389859189	0.425443443701682	0.425443443701682	log.mad left 0	-2.5641389859189	prediction	2
solid	-3.65457367769054	-2.53912206891868	0.38533663796607	0.38533663796607	log.mad left 0	-2.53912206891868	prediction	2
solid	-3.65457367769054	-2.5371184193979	0.38533663796607	0.38533663796607	log.mad left 0	-2.5371184193979	prediction	2
solid	-3.65457367769054	-2.52571007904757	0.38533663796607	0.38533663796607	log.mad left 0	-2.52571007904757	prediction	2
solid	-3.65457367769054	-2.51539805737777	0.38533663796607	0.38533663796607	log.mad left 0	-2.51539805737777	prediction	2
solid	-3.65457367769054	-2.50951220459111	0.38533663796607	0.38533663796607	log.mad left 0	-2.50951220459111	prediction	2
solid	-3.65457367769054	-2.50007761910465	0.38533663796607	0.38533663796607	log.mad left 0	-2.50007761910465	prediction	2
solid	-3.65457367769054	-2.49343394820107	0.38533663796607	0.38533663796607	log.mad left 0	-2.49343394820107	prediction	2
solid	-3.65457367769054	-2.48991132351453	0.304500739442641	0.304500739442641	log.mad left 0	-2.48991132351453	prediction	2
solid	-3.65457367769054	-2.48671730770037	0.254261817884528	0.254261817884528	log.mad left 0	-2.48671730770037	prediction	2
solid	-3.65457367769054	-2.47392230699237	0.254261817884528	0.254261817884528	log.mad left 0	-2.47392230699237	prediction	2
solid	-3.65457367769054	-2.45628574046295	0.254261817884528	0.254261817884528	log.mad left 0	-2.45628574046295	prediction	2
solid	-3.65457367769054	-2.41958454296112	0.254261817884528	0.254261817884528	log.mad left 0	-2.41958454296112	prediction	2
solid	-3.65457367769054	-2.38841376059838	0.254261817884528	0.254261817884528	log.mad left 0	-2.38841376059838	prediction	2
solid	-3.65457367769054	-2.37120435033153	0.254261817884528	0.254261817884528	log.mad left 0	-2.37120435033153	prediction	2
solid	-3.65457367769054	-2.35492905951166	0.254261817884528	0.254261817884528	log.mad left 0	-2.35492905951166	prediction	2
solid	-3.65457367769054	-2.35226679651821	0.254261817884528	0.254261817884528	log.mad left 0	-2.35226679651821	prediction	2
solid	-3.65457367769054	-2.33839145710276	0.304500739442641	0.304500739442641	log.mad left 0	-2.33839145710276	prediction	2
solid	-3.65457367769054	-2.31494757059488	0.304500739442641	0.304500739442641	log.mad left 0	-2.31494757059488	prediction	2
solid	-3.65457367769054	-2.29231883865383	0.304500739442641	0.304500739442641	log.mad left 0	-2.29231883865383	prediction	2
solid	-3.65457367769054	-2.27441211011336	0.304500739442641	0.304500739442641	log.mad left 0	-2.27441211011336	prediction	2
solid	-3.65457367769054	-2.26777564883725	0.304500739442641	0.304500739442641	log.mad left 0	-2.26777564883725	prediction	2
solid	-3.65457367769054	-2.2635485360225	0.304500739442641	0.304500739442641	log.mad left 0	-2.2635485360225	prediction	2
solid	-3.65457367769054	-2.25402517862556	0.304500739442641	0.304500739442641	log.mad left 0	-2.25402517862556	prediction	2
solid	-3.65457367769054	-2.23402864892722	0.304500739442641	0.304500739442641	log.mad left 0	-2.23402864892722	prediction	2
solid	-3.65457367769054	-2.20496580660434	0.254261817884528	0.254261817884528	log.mad left 0	-2.20496580660434	prediction	2
solid	-3.65457367769054	-2.1816656939412	0.254261817884528	0.254261817884528	log.mad left 0	-2.1816656939412	prediction	2
solid	-3.65457367769054	-2.16812652631956	0.254261817884528	0.254261817884528	log.mad left 0	-2.16812652631956	prediction	2
solid	-3.65457367769054	-2.14721737123815	0.254261817884528	0.254261817884528	log.mad left 0	-2.14721737123815	prediction	2
solid	-3.65457367769054	-2.11249860640012	0.254261817884528	0.254261817884528	log.mad left 0	-2.11249860640012	prediction	2
solid	-3.65457367769054	-2.09325687446392	0.254261817884528	0.254261817884528	log.mad left 0	-2.09325687446392	prediction	2
solid	-3.65457367769054	-2.03548671906702	0.304500739442641	0.304500739442641	log.mad left 0	-2.03548671906702	prediction	2
solid	-3.65457367769054	-1.89926384535668	0.38533663796607	0.38533663796607	log.mad left 0	-1.89926384535668	prediction	2
solid	-3.65457367769054	-1.78601242465807	0.425443443701682	0.425443443701682	log.mad left 0	-1.78601242465807	prediction	2
solid	-3.65457367769054	-1.69846549782181	0.446839589398008	0.446839589398008	log.mad left 0	-1.69846549782181	prediction	2
solid	-3.65457367769054	-1.63850006510732	0.497389814231067	0.497389814231067	log.mad left 0	-1.63850006510732	prediction	2
solid	-3.65457367769054	-1.60242408894456	0.497389814231067	0.497389814231067	log.mad left 0	-1.60242408894456	prediction	2
solid	-3.65457367769054	-1.56256020836578	0.561804685135635	0.561804685135635	log.mad left 0	-1.56256020836578	prediction	2
solid	-3.65457367769054	-1.46591940265293	0.561804685135635	0.561804685135635	log.mad left 0	-1.46591940265293	prediction	2
solid	-3.46142381629557	-0.891915242732841	0.561804685135635	0.561804685135635	log.mad right 0	-3.46142381629557	prediction	2
solid	-3.43282747291109	-0.891915242732841	0.561804685135635	0.561804685135635	log.mad right 0	-3.43282747291109	prediction	2
solid	-3.40517154532405	-0.891915242732841	0.561804685135635	0.561804685135635	log.mad right 0	-3.40517154532405	prediction	2
solid	-3.3425240529057	-0.891915242732841	0.561804685135635	0.561804685135635	log.mad right 0	-3.3425240529057	prediction	2
solid	-3.28690415923927	-0.891915242732841	0.561804685135635	0.561804685135635	log.mad right 0	-3.28690415923927	prediction	2
solid	-3.25718137605412	-0.891915242732841	0.561804685135635	0.561804685135635	log.mad right 0	-3.25718137605412	prediction	2
solid	-3.23007133061773	-0.891915242732841	0.561804685135635	0.561804685135635	log.mad right 0	-3.23007133061773	prediction	2
solid	-3.19934456195085	-0.891915242732841	0.561804685135635	0.561804685135635	log.mad right 0	-3.19934456195085	prediction	2
solid	-3.18268254716402	-0.891915242732841	0.561804685135635	0.561804685135635	log.mad right 0	-3.18268254716402	prediction	2
solid	-3.17626573633418	-0.891915242732841	0.561804685135635	0.561804685135635	log.mad right 0	-3.17626573633418	prediction	2
solid	-3.15418441021787	-0.891915242732841	0.561804685135635	0.561804685135635	log.mad right 0	-3.15418441021787	prediction	2
solid	-3.13510218222723	-0.891915242732841	0.561804685135635	0.561804685135635	log.mad right 0	-3.13510218222723	prediction	2
solid	-3.1288321516282	-0.891915242732841	0.561804685135635	0.561804685135635	log.mad right 0	-3.1288321516282	prediction	2
solid	-3.12428325754699	-0.891915242732841	0.561804685135635	0.561804685135635	log.mad right 0	-3.12428325754699	prediction	2
solid	-3.11052969191975	-0.891915242732841	0.561804685135635	0.561804685135635	log.mad right 0	-3.11052969191975	prediction	2
solid	-3.09633058719428	-0.891915242732841	0.561804685135635	0.561804685135635	log.mad right 0	-3.09633058719428	prediction	2
solid	-3.06797832719976	-0.891915242732841	0.561804685135635	0.561804685135635	log.mad right 0	-3.06797832719976	prediction	2
solid	-3.03874000705693	-0.891915242732841	0.561804685135635	0.561804685135635	log.mad right 0	-3.03874000705693	prediction	2
solid	-3.03275494018199	-0.891915242732841	0.561804685135635	0.561804685135635	log.mad right 0	-3.03275494018199	prediction	2
solid	-3.01673144302113	-0.891915242732841	0.561804685135635	0.561804685135635	log.mad right 0	-3.01673144302113	prediction	2
solid	-2.9997273296055	-0.891915242732841	0.561804685135635	0.561804685135635	log.mad right 0	-2.9997273296055	prediction	2
solid	-2.99300764584068	-0.891915242732841	0.561804685135635	0.561804685135635	log.mad right 0	-2.99300764584068	prediction	2
solid	-2.97756749772815	-0.891915242732841	0.561804685135635	0.561804685135635	log.mad right 0	-2.97756749772815	prediction	2
solid	-2.95671233316695	-0.891915242732841	0.561804685135635	0.561804685135635	log.mad right 0	-2.95671233316695	prediction	2
solid	-2.93399282300782	-0.891915242732841	0.561804685135635	0.561804685135635	log.mad right 0	-2.93399282300782	prediction	2
solid	-2.91925822882904	-0.891915242732841	0.561804685135635	0.561804685135635	log.mad right 0	-2.91925822882904	prediction	2
solid	-2.91272294490496	-0.891915242732841	0.561804685135635	0.561804685135635	log.mad right 0	-2.91272294490496	prediction	2
solid	-2.90091679298919	-0.891915242732841	0.616143777886932	0.616143777886932	log.mad right 0	-2.90091679298919	prediction	2
solid	-2.89532856742363	-0.891915242732841	0.616143777886932	0.616143777886932	log.mad right 0	-2.89532856742363	prediction	2
solid	-2.89331240801927	-0.891915242732841	0.616143777886932	0.616143777886932	log.mad right 0	-2.89331240801927	prediction	2
solid	-2.8903268175071	-0.891915242732841	0.616143777886932	0.616143777886932	log.mad right 0	-2.8903268175071	prediction	2
solid	-2.88871961823805	-0.891915242732841	0.616143777886932	0.616143777886932	log.mad right 0	-2.88871961823805	prediction	2
solid	-2.88532403385801	-0.891915242732841	0.665906044690279	0.665906044690279	log.mad right 0	-2.88532403385801	prediction	2
solid	-2.87672990892027	-0.891915242732841	0.665906044690279	0.665906044690279	log.mad right 0	-2.87672990892027	prediction	2
solid	-2.8631083816259	-0.891915242732841	0.665906044690279	0.665906044690279	log.mad right 0	-2.8631083816259	prediction	2
solid	-2.85428308693244	-0.891915242732841	0.665906044690279	0.665906044690279	log.mad right 0	-2.85428308693244	prediction	2
solid	-2.84181173764153	-0.891915242732841	0.665906044690279	0.665906044690279	log.mad right 0	-2.84181173764153	prediction	2
solid	-2.83007162703623	-0.891915242732841	0.665906044690279	0.665906044690279	log.mad right 0	-2.83007162703623	prediction	2
solid	-2.82380106448097	-0.891915242732841	0.665906044690279	0.665906044690279	log.mad right 0	-2.82380106448097	prediction	2
solid	-2.81644846638205	-0.891915242732841	0.665906044690279	0.665906044690279	log.mad right 0	-2.81644846638205	prediction	2
solid	-2.80999344651041	-0.891915242732841	0.665906044690279	0.665906044690279	log.mad right 0	-2.80999344651041	prediction	2
solid	-2.79804633071877	-0.891915242732841	0.665906044690279	0.665906044690279	log.mad right 0	-2.79804633071877	prediction	2
solid	-2.77797327190277	-0.891915242732841	0.665906044690279	0.665906044690279	log.mad right 0	-2.77797327190277	prediction	2
solid	-2.75634625462163	-0.891915242732841	0.665906044690279	0.665906044690279	log.mad right 0	-2.75634625462163	prediction	2
solid	-2.73877837170882	-0.891915242732841	0.665906044690279	0.665906044690279	log.mad right 0	-2.73877837170882	prediction	2
solid	-2.72755138854465	-0.891915242732841	0.665906044690279	0.665906044690279	log.mad right 0	-2.72755138854465	prediction	2
solid	-2.71015428633862	-0.891915242732841	0.665906044690279	0.665906044690279	log.mad right 0	-2.71015428633862	prediction	2
solid	-2.69243076768016	-0.891915242732841	0.665906044690279	0.665906044690279	log.mad right 0	-2.69243076768016	prediction	2
solid	-2.68920926340671	-0.891915242732841	0.665906044690279	0.665906044690279	log.mad right 0	-2.68920926340671	prediction	2
solid	-2.68210493411309	-0.891915242732841	0.665906044690279	0.665906044690279	log.mad right 0	-2.68210493411309	prediction	2
solid	-2.66526584268327	-0.891915242732841	0.665906044690279	0.665906044690279	log.mad right 0	-2.66526584268327	prediction	2
solid	-2.65275784209228	-0.891915242732841	0.616143777886932	0.616143777886932	log.mad right 0	-2.65275784209228	prediction	2
solid	-2.64837890931216	-0.891915242732841	0.616143777886932	0.616143777886932	log.mad right 0	-2.64837890931216	prediction	2
solid	-2.64541549027185	-0.891915242732841	0.736096090043548	0.736096090043548	log.mad right 0	-2.64541549027185	prediction	2
solid	-2.64417817866232	-0.891915242732841	0.736096090043548	0.736096090043548	log.mad right 0	-2.64417817866232	prediction	2
solid	-2.64298500767469	-0.891915242732841	0.736096090043548	0.736096090043548	log.mad right 0	-2.64298500767469	prediction	2
solid	-2.63963557786102	-0.891915242732841	0.736096090043548	0.736096090043548	log.mad right 0	-2.63963557786102	prediction	2
solid	-2.63594106841411	-0.891915242732841	0.736096090043548	0.736096090043548	log.mad right 0	-2.63594106841411	prediction	2
solid	-2.62673272329374	-0.891915242732841	0.736096090043548	0.736096090043548	log.mad right 0	-2.62673272329374	prediction	2
solid	-2.60328130640727	-0.891915242732841	0.736096090043548	0.736096090043548	log.mad right 0	-2.60328130640727	prediction	2
solid	-2.5641389859189	-0.891915242732841	0.736096090043548	0.736096090043548	log.mad right 0	-2.5641389859189	prediction	2
solid	-2.53912206891868	-0.891915242732841	0.980815552586956	0.980815552586956	log.mad right 0	-2.53912206891868	prediction	2
solid	-2.5371184193979	-0.891915242732841	0.980815552586956	0.980815552586956	log.mad right 0	-2.5371184193979	prediction	2
solid	-2.52571007904757	-0.891915242732841	0.980815552586956	0.980815552586956	log.mad right 0	-2.52571007904757	prediction	2
solid	-2.51539805737777	-0.891915242732841	0.980815552586956	0.980815552586956	log.mad right 0	-2.51539805737777	prediction	2
solid	-2.50951220459111	-0.891915242732841	0.980815552586956	0.980815552586956	log.mad right 0	-2.50951220459111	prediction	2
solid	-2.50007761910465	-0.891915242732841	0.980815552586956	0.980815552586956	log.mad right 0	-2.50007761910465	prediction	2
solid	-2.49343394820107	-0.891915242732841	0.980815552586956	0.980815552586956	log.mad right 0	-2.49343394820107	prediction	2
solid	-2.48991132351453	-0.891915242732841	1.21132373913766	1.21132373913766	log.mad right 0	-2.48991132351453	prediction	2
solid	-2.48671730770037	-0.891915242732841	1.41702793660991	1.41702793660991	log.mad right 0	-2.48671730770037	prediction	2
solid	-2.47392230699237	-0.891915242732841	1.55049038750799	1.55049038750799	log.mad right 0	-2.47392230699237	prediction	2
solid	-2.45628574046295	-0.891915242732841	1.55049038750799	1.55049038750799	log.mad right 0	-2.45628574046295	prediction	2
solid	-2.41958454296112	-0.891915242732841	1.55049038750799	1.55049038750799	log.mad right 0	-2.41958454296112	prediction	2
solid	-2.38841376059838	-0.891915242732841	1.55049038750799	1.55049038750799	log.mad right 0	-2.38841376059838	prediction	2
solid	-2.37120435033153	-0.891915242732841	1.55049038750799	1.55049038750799	log.mad right 0	-2.37120435033153	prediction	2
solid	-2.35492905951166	-0.891915242732841	1.55049038750799	1.55049038750799	log.mad right 0	-2.35492905951166	prediction	2
solid	-2.35226679651821	-0.891915242732841	1.58093585685601	1.58093585685601	log.mad right 0	-2.35226679651821	prediction	2
solid	-2.33839145710276	-0.891915242732841	1.58093585685601	1.58093585685601	log.mad right 0	-2.33839145710276	prediction	2
solid	-2.31494757059488	-0.891915242732841	1.58093585685601	1.58093585685601	log.mad right 0	-2.31494757059488	prediction	2
solid	-2.29231883865383	-0.891915242732841	1.58093585685601	1.58093585685601	log.mad right 0	-2.29231883865383	prediction	2
solid	-2.27441211011336	-0.891915242732841	1.58093585685601	1.58093585685601	log.mad right 0	-2.27441211011336	prediction	2
solid	-2.26777564883725	-0.891915242732841	1.58093585685601	1.58093585685601	log.mad right 0	-2.26777564883725	prediction	2
solid	-2.2635485360225	-0.891915242732841	1.58093585685601	1.58093585685601	log.mad right 0	-2.2635485360225	prediction	2
solid	-2.25402517862556	-0.891915242732841	1.58093585685601	1.58093585685601	log.mad right 0	-2.25402517862556	prediction	2
solid	-2.23402864892722	-0.891915242732841	1.58093585685601	1.58093585685601	log.mad right 0	-2.23402864892722	prediction	2
solid	-2.20496580660434	-0.891915242732841	1.87337976064178	1.87337976064178	log.mad right 0	-2.20496580660434	prediction	2
solid	-2.1816656939412	-0.891915242732841	1.87337976064178	1.87337976064178	log.mad right 0	-2.1816656939412	prediction	2
solid	-2.16812652631956	-0.891915242732841	1.87337976064178	1.87337976064178	log.mad right 0	-2.16812652631956	prediction	2
solid	-2.14721737123815	-0.891915242732841	2.14893622494239	2.14893622494239	log.mad right 0	-2.14721737123815	prediction	2
solid	-2.11249860640012	-0.891915242732841	2.14893622494239	2.14893622494239	log.mad right 0	-2.11249860640012	prediction	2
solid	-2.09325687446392	-0.891915242732841	2.14893622494239	2.14893622494239	log.mad right 0	-2.09325687446392	prediction	2
solid	-2.03548671906702	-0.891915242732841	2.14893622494239	2.14893622494239	log.mad right 0	-2.03548671906702	prediction	2
solid	-1.89926384535668	-0.891915242732841	2.14893622494239	2.14893622494239	log.mad right 0	-1.89926384535668	prediction	2
solid	-1.78601242465807	-0.891915242732841	2.14893622494239	2.14893622494239	log.mad right 0	-1.78601242465807	prediction	2
solid	-1.69846549782181	-0.891915242732841	2.14893622494239	2.14893622494239	log.mad right 0	-1.69846549782181	prediction	2
solid	-1.63850006510732	-0.891915242732841	2.14893622494239	2.14893622494239	log.mad right 0	-1.63850006510732	prediction	2
solid	-1.60242408894456	-0.891915242732841	2.14893622494239	2.14893622494239	log.mad right 0	-1.60242408894456	prediction	2
solid	-1.56256020836578	-0.891915242732841	0.238496848947175	0.238496848947175	log.mad right 0	-1.56256020836578	prediction	2
solid	-1.46591940265293	-0.891915242732841	-0.418049018762426	-0.418049018762426	log.mad right 0	-1.46591940265293	prediction	2
dotted	-3.65457367769054	-3.46142381629557	-1.28172557795702	-1.28172557795702	log.mad left 1	-3.46142381629557	margin	2
dotted	-3.65457367769054	-3.43282747291109	-1.28172557795702	-1.28172557795702	log.mad left 1	-3.43282747291109	margin	2
dotted	-3.65457367769054	-3.40517154532405	-0.485837336366813	-0.485837336366813	log.mad left 1	-3.40517154532405	margin	2
dotted	-3.65457367769054	-3.3425240529057	-0.485837336366813	-0.485837336366813	log.mad left 1	-3.3425240529057	margin	2
dotted	-3.65457367769054	-3.28690415923927	-0.485837336366813	-0.485837336366813	log.mad left 1	-3.28690415923927	margin	2
dotted	-3.65457367769054	-3.25718137605412	-0.485837336366813	-0.485837336366813	log.mad left 1	-3.25718137605412	margin	2
dotted	-3.65457367769054	-3.23007133061773	-0.485837336366813	-0.485837336366813	log.mad left 1	-3.23007133061773	margin	2
dotted	-3.65457367769054	-3.19934456195085	-0.485837336366813	-0.485837336366813	log.mad left 1	-3.19934456195085	margin	2
dotted	-3.65457367769054	-3.18268254716402	0.569300376203541	0.569300376203541	log.mad left 1	-3.18268254716402	margin	2
dotted	-3.65457367769054	-3.17626573633418	0.569300376203541	0.569300376203541	log.mad left 1	-3.17626573633418	margin	2
dotted	-3.65457367769054	-3.15418441021787	0.569300376203541	0.569300376203541	log.mad left 1	-3.15418441021787	margin	2
dotted	-3.65457367769054	-3.13510218222723	0.569300376203541	0.569300376203541	log.mad left 1	-3.13510218222723	margin	2
dotted	-3.65457367769054	-3.1288321516282	0.569300376203541	0.569300376203541	log.mad left 1	-3.1288321516282	margin	2
dotted	-3.65457367769054	-3.12428325754699	0.569300376203541	0.569300376203541	log.mad left 1	-3.12428325754699	margin	2
dotted	-3.65457367769054	-3.11052969191975	0.569300376203541	0.569300376203541	log.mad left 1	-3.11052969191975	margin	2
dotted	-3.65457367769054	-3.09633058719428	0.569300376203541	0.569300376203541	log.mad left 1	-3.09633058719428	margin	2
dotted	-3.65457367769054	-3.06797832719976	0.58934367812427	0.58934367812427	log.mad left 1	-3.06797832719976	margin	2
dotted	-3.65457367769054	-3.03874000705693	0.58934367812427	0.58934367812427	log.mad left 1	-3.03874000705693	margin	2
dotted	-3.65457367769054	-3.03275494018199	1.23526543987389	1.23526543987389	log.mad left 1	-3.03275494018199	margin	2
dotted	-3.65457367769054	-3.01673144302113	1.23526543987389	1.23526543987389	log.mad left 1	-3.01673144302113	margin	2
dotted	-3.65457367769054	-2.9997273296055	1.23526543987389	1.23526543987389	log.mad left 1	-2.9997273296055	margin	2
dotted	-3.65457367769054	-2.99300764584068	1.23526543987389	1.23526543987389	log.mad left 1	-2.99300764584068	margin	2
dotted	-3.65457367769054	-2.97756749772815	1.23526543987389	1.23526543987389	log.mad left 1	-2.97756749772815	margin	2
dotted	-3.65457367769054	-2.95671233316695	1.23526543987389	1.23526543987389	log.mad left 1	-2.95671233316695	margin	2
dotted	-3.65457367769054	-2.93399282300782	1.23526543987389	1.23526543987389	log.mad left 1	-2.93399282300782	margin	2
dotted	-3.65457367769054	-2.91925822882904	1.23526543987389	1.23526543987389	log.mad left 1	-2.91925822882904	margin	2
dotted	-3.65457367769054	-2.91272294490496	1.23526543987389	1.23526543987389	log.mad left 1	-2.91272294490496	margin	2
dotted	-3.65457367769054	-2.90091679298919	0.88533663796607	0.88533663796607	log.mad left 1	-2.90091679298919	margin	2
dotted	-3.65457367769054	-2.89532856742363	0.88533663796607	0.88533663796607	log.mad left 1	-2.89532856742363	margin	2
dotted	-3.65457367769054	-2.89331240801927	0.88533663796607	0.88533663796607	log.mad left 1	-2.89331240801927	margin	2
dotted	-3.65457367769054	-2.8903268175071	0.88533663796607	0.88533663796607	log.mad left 1	-2.8903268175071	margin	2
dotted	-3.65457367769054	-2.88871961823805	0.88533663796607	0.88533663796607	log.mad left 1	-2.88871961823805	margin	2
dotted	-3.65457367769054	-2.88532403385801	0.793811253953723	0.793811253953723	log.mad left 1	-2.88532403385801	margin	2
dotted	-3.65457367769054	-2.87672990892027	0.793811253953723	0.793811253953723	log.mad left 1	-2.87672990892027	margin	2
dotted	-3.65457367769054	-2.8631083816259	0.793811253953723	0.793811253953723	log.mad left 1	-2.8631083816259	margin	2
dotted	-3.65457367769054	-2.85428308693244	0.793811253953723	0.793811253953723	log.mad left 1	-2.85428308693244	margin	2
dotted	-3.65457367769054	-2.84181173764153	0.793811253953723	0.793811253953723	log.mad left 1	-2.84181173764153	margin	2
dotted	-3.65457367769054	-2.83007162703623	0.793811253953723	0.793811253953723	log.mad left 1	-2.83007162703623	margin	2
dotted	-3.65457367769054	-2.82380106448097	0.793811253953723	0.793811253953723	log.mad left 1	-2.82380106448097	margin	2
dotted	-3.65457367769054	-2.81644846638205	0.793811253953723	0.793811253953723	log.mad left 1	-2.81644846638205	margin	2
dotted	-3.65457367769054	-2.80999344651041	0.793811253953723	0.793811253953723	log.mad left 1	-2.80999344651041	margin	2
dotted	-3.65457367769054	-2.79804633071877	0.793811253953723	0.793811253953723	log.mad left 1	-2.79804633071877	margin	2
dotted	-3.65457367769054	-2.77797327190277	0.804500739442641	0.804500739442641	log.mad left 1	-2.77797327190277	margin	2
dotted	-3.65457367769054	-2.75634625462163	0.804500739442641	0.804500739442641	log.mad left 1	-2.75634625462163	margin	2
dotted	-3.65457367769054	-2.73877837170882	0.804500739442641	0.804500739442641	log.mad left 1	-2.73877837170882	margin	2
dotted	-3.65457367769054	-2.72755138854465	0.804500739442641	0.804500739442641	log.mad left 1	-2.72755138854465	margin	2
dotted	-3.65457367769054	-2.71015428633862	0.804500739442641	0.804500739442641	log.mad left 1	-2.71015428633862	margin	2
dotted	-3.65457367769054	-2.69243076768016	0.804500739442641	0.804500739442641	log.mad left 1	-2.69243076768016	margin	2
dotted	-3.65457367769054	-2.68920926340671	0.88533663796607	0.88533663796607	log.mad left 1	-2.68920926340671	margin	2
dotted	-3.65457367769054	-2.68210493411309	0.88533663796607	0.88533663796607	log.mad left 1	-2.68210493411309	margin	2
dotted	-3.65457367769054	-2.66526584268327	0.88533663796607	0.88533663796607	log.mad left 1	-2.66526584268327	margin	2
dotted	-3.65457367769054	-2.65275784209228	0.975993668534741	0.975993668534741	log.mad left 1	-2.65275784209228	margin	2
dotted	-3.65457367769054	-2.64837890931216	0.975993668534741	0.975993668534741	log.mad left 1	-2.64837890931216	margin	2
dotted	-3.65457367769054	-2.64541549027185	0.88533663796607	0.88533663796607	log.mad left 1	-2.64541549027185	margin	2
dotted	-3.65457367769054	-2.64417817866232	0.88533663796607	0.88533663796607	log.mad left 1	-2.64417817866232	margin	2
dotted	-3.65457367769054	-2.64298500767469	0.88533663796607	0.88533663796607	log.mad left 1	-2.64298500767469	margin	2
dotted	-3.65457367769054	-2.63963557786102	0.925443443701682	0.925443443701682	log.mad left 1	-2.63963557786102	margin	2
dotted	-3.65457367769054	-2.63594106841411	0.925443443701682	0.925443443701682	log.mad left 1	-2.63594106841411	margin	2
dotted	-3.65457367769054	-2.62673272329374	0.925443443701682	0.925443443701682	log.mad left 1	-2.62673272329374	margin	2
dotted	-3.65457367769054	-2.60328130640727	0.925443443701682	0.925443443701682	log.mad left 1	-2.60328130640727	margin	2
dotted	-3.65457367769054	-2.5641389859189	0.925443443701682	0.925443443701682	log.mad left 1	-2.5641389859189	margin	2
dotted	-3.65457367769054	-2.53912206891868	0.88533663796607	0.88533663796607	log.mad left 1	-2.53912206891868	margin	2
dotted	-3.65457367769054	-2.5371184193979	0.88533663796607	0.88533663796607	log.mad left 1	-2.5371184193979	margin	2
dotted	-3.65457367769054	-2.52571007904757	0.88533663796607	0.88533663796607	log.mad left 1	-2.52571007904757	margin	2
dotted	-3.65457367769054	-2.51539805737777	0.88533663796607	0.88533663796607	log.mad left 1	-2.51539805737777	margin	2
dotted	-3.65457367769054	-2.50951220459111	0.88533663796607	0.88533663796607	log.mad left 1	-2.50951220459111	margin	2
dotted	-3.65457367769054	-2.50007761910465	0.88533663796607	0.88533663796607	log.mad left 1	-2.50007761910465	margin	2
dotted	-3.65457367769054	-2.49343394820107	0.88533663796607	0.88533663796607	log.mad left 1	-2.49343394820107	margin	2
dotted	-3.65457367769054	-2.48991132351453	0.804500739442641	0.804500739442641	log.mad left 1	-2.48991132351453	margin	2
dotted	-3.65457367769054	-2.48671730770037	0.754261817884528	0.754261817884528	log.mad left 1	-2.48671730770037	margin	2
dotted	-3.65457367769054	-2.47392230699237	0.754261817884528	0.754261817884528	log.mad left 1	-2.47392230699237	margin	2
dotted	-3.65457367769054	-2.45628574046295	0.754261817884528	0.754261817884528	log.mad left 1	-2.45628574046295	margin	2
dotted	-3.65457367769054	-2.41958454296112	0.754261817884528	0.754261817884528	log.mad left 1	-2.41958454296112	margin	2
dotted	-3.65457367769054	-2.38841376059838	0.754261817884528	0.754261817884528	log.mad left 1	-2.38841376059838	margin	2
dotted	-3.65457367769054	-2.37120435033153	0.754261817884528	0.754261817884528	log.mad left 1	-2.37120435033153	margin	2
dotted	-3.65457367769054	-2.35492905951166	0.754261817884528	0.754261817884528	log.mad left 1	-2.35492905951166	margin	2
dotted	-3.65457367769054	-2.35226679651821	0.754261817884528	0.754261817884528	log.mad left 1	-2.35226679651821	margin	2
dotted	-3.65457367769054	-2.33839145710276	0.804500739442641	0.804500739442641	log.mad left 1	-2.33839145710276	margin	2
dotted	-3.65457367769054	-2.31494757059488	0.804500739442641	0.804500739442641	log.mad left 1	-2.31494757059488	margin	2
dotted	-3.65457367769054	-2.29231883865383	0.804500739442641	0.804500739442641	log.mad left 1	-2.29231883865383	margin	2
dotted	-3.65457367769054	-2.27441211011336	0.804500739442641	0.804500739442641	log.mad left 1	-2.27441211011336	margin	2
dotted	-3.65457367769054	-2.26777564883725	0.804500739442641	0.804500739442641	log.mad left 1	-2.26777564883725	margin	2
dotted	-3.65457367769054	-2.2635485360225	0.804500739442641	0.804500739442641	log.mad left 1	-2.2635485360225	margin	2
dotted	-3.65457367769054	-2.25402517862556	0.804500739442641	0.804500739442641	log.mad left 1	-2.25402517862556	margin	2
dotted	-3.65457367769054	-2.23402864892722	0.804500739442641	0.804500739442641	log.mad left 1	-2.23402864892722	margin	2
dotted	-3.65457367769054	-2.20496580660434	0.754261817884528	0.754261817884528	log.mad left 1	-2.20496580660434	margin	2
dotted	-3.65457367769054	-2.1816656939412	0.754261817884528	0.754261817884528	log.mad left 1	-2.1816656939412	margin	2
dotted	-3.65457367769054	-2.16812652631956	0.754261817884528	0.754261817884528	log.mad left 1	-2.16812652631956	margin	2
dotted	-3.65457367769054	-2.14721737123815	0.754261817884528	0.754261817884528	log.mad left 1	-2.14721737123815	margin	2
dotted	-3.65457367769054	-2.11249860640012	0.754261817884528	0.754261817884528	log.mad left 1	-2.11249860640012	margin	2
dotted	-3.65457367769054	-2.09325687446392	0.754261817884528	0.754261817884528	log.mad left 1	-2.09325687446392	margin	2
dotted	-3.65457367769054	-2.03548671906702	0.804500739442641	0.804500739442641	log.mad left 1	-2.03548671906702	margin	2
dotted	-3.65457367769054	-1.89926384535668	0.88533663796607	0.88533663796607	log.mad left 1	-1.89926384535668	margin	2
dotted	-3.65457367769054	-1.78601242465807	0.925443443701682	0.925443443701682	log.mad left 1	-1.78601242465807	margin	2
dotted	-3.65457367769054	-1.69846549782181	0.946839589398008	0.946839589398008	log.mad left 1	-1.69846549782181	margin	2
dotted	-3.65457367769054	-1.63850006510732	0.997389814231067	0.997389814231067	log.mad left 1	-1.63850006510732	margin	2
dotted	-3.65457367769054	-1.60242408894456	0.997389814231067	0.997389814231067	log.mad left 1	-1.60242408894456	margin	2
dotted	-3.65457367769054	-1.56256020836578	1.06180468513563	1.06180468513563	log.mad left 1	-1.56256020836578	margin	2
dotted	-3.65457367769054	-1.46591940265293	1.06180468513563	1.06180468513563	log.mad left 1	-1.46591940265293	margin	2
dotted	-3.46142381629557	-0.891915242732841	1.06180468513563	1.06180468513563	log.mad right 1	-3.46142381629557	margin	2
dotted	-3.43282747291109	-0.891915242732841	1.06180468513563	1.06180468513563	log.mad right 1	-3.43282747291109	margin	2
dotted	-3.40517154532405	-0.891915242732841	1.06180468513563	1.06180468513563	log.mad right 1	-3.40517154532405	margin	2
dotted	-3.3425240529057	-0.891915242732841	1.06180468513563	1.06180468513563	log.mad right 1	-3.3425240529057	margin	2
dotted	-3.28690415923927	-0.891915242732841	1.06180468513563	1.06180468513563	log.mad right 1	-3.28690415923927	margin	2
dotted	-3.25718137605412	-0.891915242732841	1.06180468513563	1.06180468513563	log.mad right 1	-3.25718137605412	margin	2
dotted	-3.23007133061773	-0.891915242732841	1.06180468513563	1.06180468513563	log.mad right 1	-3.23007133061773	margin	2
dotted	-3.19934456195085	-0.891915242732841	1.06180468513563	1.06180468513563	log.mad right 1	-3.19934456195085	margin	2
dotted	-3.18268254716402	-0.891915242732841	1.06180468513563	1.06180468513563	log.mad right 1	-3.18268254716402	margin	2
dotted	-3.17626573633418	-0.891915242732841	1.06180468513563	1.06180468513563	log.mad right 1	-3.17626573633418	margin	2
dotted	-3.15418441021787	-0.891915242732841	1.06180468513563	1.06180468513563	log.mad right 1	-3.15418441021787	margin	2
dotted	-3.13510218222723	-0.891915242732841	1.06180468513563	1.06180468513563	log.mad right 1	-3.13510218222723	margin	2
dotted	-3.1288321516282	-0.891915242732841	1.06180468513563	1.06180468513563	log.mad right 1	-3.1288321516282	margin	2
dotted	-3.12428325754699	-0.891915242732841	1.06180468513563	1.06180468513563	log.mad right 1	-3.12428325754699	margin	2
dotted	-3.11052969191975	-0.891915242732841	1.06180468513563	1.06180468513563	log.mad right 1	-3.11052969191975	margin	2
dotted	-3.09633058719428	-0.891915242732841	1.06180468513563	1.06180468513563	log.mad right 1	-3.09633058719428	margin	2
dotted	-3.06797832719976	-0.891915242732841	1.06180468513563	1.06180468513563	log.mad right 1	-3.06797832719976	margin	2
dotted	-3.03874000705693	-0.891915242732841	1.06180468513563	1.06180468513563	log.mad right 1	-3.03874000705693	margin	2
dotted	-3.03275494018199	-0.891915242732841	1.06180468513563	1.06180468513563	log.mad right 1	-3.03275494018199	margin	2
dotted	-3.01673144302113	-0.891915242732841	1.06180468513563	1.06180468513563	log.mad right 1	-3.01673144302113	margin	2
dotted	-2.9997273296055	-0.891915242732841	1.06180468513563	1.06180468513563	log.mad right 1	-2.9997273296055	margin	2
dotted	-2.99300764584068	-0.891915242732841	1.06180468513563	1.06180468513563	log.mad right 1	-2.99300764584068	margin	2
dotted	-2.97756749772815	-0.891915242732841	1.06180468513563	1.06180468513563	log.mad right 1	-2.97756749772815	margin	2
dotted	-2.95671233316695	-0.891915242732841	1.06180468513563	1.06180468513563	log.mad right 1	-2.95671233316695	margin	2
dotted	-2.93399282300782	-0.891915242732841	1.06180468513563	1.06180468513563	log.mad right 1	-2.93399282300782	margin	2
dotted	-2.91925822882904	-0.891915242732841	1.06180468513563	1.06180468513563	log.mad right 1	-2.91925822882904	margin	2
dotted	-2.91272294490496	-0.891915242732841	1.06180468513563	1.06180468513563	log.mad right 1	-2.91272294490496	margin	2
dotted	-2.90091679298919	-0.891915242732841	1.11614377788693	1.11614377788693	log.mad right 1	-2.90091679298919	margin	2
dotted	-2.89532856742363	-0.891915242732841	1.11614377788693	1.11614377788693	log.mad right 1	-2.89532856742363	margin	2
dotted	-2.89331240801927	-0.891915242732841	1.11614377788693	1.11614377788693	log.mad right 1	-2.89331240801927	margin	2
dotted	-2.8903268175071	-0.891915242732841	1.11614377788693	1.11614377788693	log.mad right 1	-2.8903268175071	margin	2
dotted	-2.88871961823805	-0.891915242732841	1.11614377788693	1.11614377788693	log.mad right 1	-2.88871961823805	margin	2
dotted	-2.88532403385801	-0.891915242732841	1.16590604469028	1.16590604469028	log.mad right 1	-2.88532403385801	margin	2
dotted	-2.87672990892027	-0.891915242732841	1.16590604469028	1.16590604469028	log.mad right 1	-2.87672990892027	margin	2
dotted	-2.8631083816259	-0.891915242732841	1.16590604469028	1.16590604469028	log.mad right 1	-2.8631083816259	margin	2
dotted	-2.85428308693244	-0.891915242732841	1.16590604469028	1.16590604469028	log.mad right 1	-2.85428308693244	margin	2
dotted	-2.84181173764153	-0.891915242732841	1.16590604469028	1.16590604469028	log.mad right 1	-2.84181173764153	margin	2
dotted	-2.83007162703623	-0.891915242732841	1.16590604469028	1.16590604469028	log.mad right 1	-2.83007162703623	margin	2
dotted	-2.82380106448097	-0.891915242732841	1.16590604469028	1.16590604469028	log.mad right 1	-2.82380106448097	margin	2
dotted	-2.81644846638205	-0.891915242732841	1.16590604469028	1.16590604469028	log.mad right 1	-2.81644846638205	margin	2
dotted	-2.80999344651041	-0.891915242732841	1.16590604469028	1.16590604469028	log.mad right 1	-2.80999344651041	margin	2
dotted	-2.79804633071877	-0.891915242732841	1.16590604469028	1.16590604469028	log.mad right 1	-2.79804633071877	margin	2
dotted	-2.77797327190277	-0.891915242732841	1.16590604469028	1.16590604469028	log.mad right 1	-2.77797327190277	margin	2
dotted	-2.75634625462163	-0.891915242732841	1.16590604469028	1.16590604469028	log.mad right 1	-2.75634625462163	margin	2
dotted	-2.73877837170882	-0.891915242732841	1.16590604469028	1.16590604469028	log.mad right 1	-2.73877837170882	margin	2
dotted	-2.72755138854465	-0.891915242732841	1.16590604469028	1.16590604469028	log.mad right 1	-2.72755138854465	margin	2
dotted	-2.71015428633862	-0.891915242732841	1.16590604469028	1.16590604469028	log.mad right 1	-2.71015428633862	margin	2
dotted	-2.69243076768016	-0.891915242732841	1.16590604469028	1.16590604469028	log.mad right 1	-2.69243076768016	margin	2
dotted	-2.68920926340671	-0.891915242732841	1.16590604469028	1.16590604469028	log.mad right 1	-2.68920926340671	margin	2
dotted	-2.68210493411309	-0.891915242732841	1.16590604469028	1.16590604469028	log.mad right 1	-2.68210493411309	margin	2
dotted	-2.66526584268327	-0.891915242732841	1.16590604469028	1.16590604469028	log.mad right 1	-2.66526584268327	margin	2
dotted	-2.65275784209228	-0.891915242732841	1.11614377788693	1.11614377788693	log.mad right 1	-2.65275784209228	margin	2
dotted	-2.64837890931216	-0.891915242732841	1.11614377788693	1.11614377788693	log.mad right 1	-2.64837890931216	margin	2
dotted	-2.64541549027185	-0.891915242732841	1.23609609004355	1.23609609004355	log.mad right 1	-2.64541549027185	margin	2
dotted	-2.64417817866232	-0.891915242732841	1.23609609004355	1.23609609004355	log.mad right 1	-2.64417817866232	margin	2
dotted	-2.64298500767469	-0.891915242732841	1.23609609004355	1.23609609004355	log.mad right 1	-2.64298500767469	margin	2
dotted	-2.63963557786102	-0.891915242732841	1.23609609004355	1.23609609004355	log.mad right 1	-2.63963557786102	margin	2
dotted	-2.63594106841411	-0.891915242732841	1.23609609004355	1.23609609004355	log.mad right 1	-2.63594106841411	margin	2
dotted	-2.62673272329374	-0.891915242732841	1.23609609004355	1.23609609004355	log.mad right 1	-2.62673272329374	margin	2
dotted	-2.60328130640727	-0.891915242732841	1.23609609004355	1.23609609004355	log.mad right 1	-2.60328130640727	margin	2
dotted	-2.5641389859189	-0.891915242732841	1.23609609004355	1.23609609004355	log.mad right 1	-2.5641389859189	margin	2
dotted	-2.53912206891868	-0.891915242732841	1.48081555258696	1.48081555258696	log.mad right 1	-2.53912206891868	margin	2
dotted	-2.5371184193979	-0.891915242732841	1.48081555258696	1.48081555258696	log.mad right 1	-2.5371184193979	margin	2
dotted	-2.52571007904757	-0.891915242732841	1.48081555258696	1.48081555258696	log.mad right 1	-2.52571007904757	margin	2
dotted	-2.51539805737777	-0.891915242732841	1.48081555258696	1.48081555258696	log.mad right 1	-2.51539805737777	margin	2
dotted	-2.50951220459111	-0.891915242732841	1.48081555258696	1.48081555258696	log.mad right 1	-2.50951220459111	margin	2
dotted	-2.50007761910465	-0.891915242732841	1.48081555258696	1.48081555258696	log.mad right 1	-2.50007761910465	margin	2
dotted	-2.49343394820107	-0.891915242732841	1.48081555258696	1.48081555258696	log.mad right 1	-2.49343394820107	margin	2
dotted	-2.48991132351453	-0.891915242732841	1.71132373913766	1.71132373913766	log.mad right 1	-2.48991132351453	margin	2
dotted	-2.48671730770037	-0.891915242732841	1.91702793660991	1.91702793660991	log.mad right 1	-2.48671730770037	margin	2
dotted	-2.47392230699237	-0.891915242732841	2.05049038750799	2.05049038750799	log.mad right 1	-2.47392230699237	margin	2
dotted	-2.45628574046295	-0.891915242732841	2.05049038750799	2.05049038750799	log.mad right 1	-2.45628574046295	margin	2
dotted	-2.41958454296112	-0.891915242732841	2.05049038750799	2.05049038750799	log.mad right 1	-2.41958454296112	margin	2
dotted	-2.38841376059838	-0.891915242732841	2.05049038750799	2.05049038750799	log.mad right 1	-2.38841376059838	margin	2
dotted	-2.37120435033153	-0.891915242732841	2.05049038750799	2.05049038750799	log.mad right 1	-2.37120435033153	margin	2
dotted	-2.35492905951166	-0.891915242732841	2.05049038750799	2.05049038750799	log.mad right 1	-2.35492905951166	margin	2
dotted	-2.35226679651821	-0.891915242732841	2.08093585685601	2.08093585685601	log.mad right 1	-2.35226679651821	margin	2
dotted	-2.33839145710276	-0.891915242732841	2.08093585685601	2.08093585685601	log.mad right 1	-2.33839145710276	margin	2
dotted	-2.31494757059488	-0.891915242732841	2.08093585685601	2.08093585685601	log.mad right 1	-2.31494757059488	margin	2
dotted	-2.29231883865383	-0.891915242732841	2.08093585685601	2.08093585685601	log.mad right 1	-2.29231883865383	margin	2
dotted	-2.27441211011336	-0.891915242732841	2.08093585685601	2.08093585685601	log.mad right 1	-2.27441211011336	margin	2
dotted	-2.26777564883725	-0.891915242732841	2.08093585685601	2.08093585685601	log.mad right 1	-2.26777564883725	margin	2
dotted	-2.2635485360225	-0.891915242732841	2.08093585685601	2.08093585685601	log.mad right 1	-2.2635485360225	margin	2
dotted	-2.25402517862556	-0.891915242732841	2.08093585685601	2.08093585685601	log.mad right 1	-2.25402517862556	margin	2
dotted	-2.23402864892722	-0.891915242732841	2.08093585685601	2.08093585685601	log.mad right 1	-2.23402864892722	margin	2
dotted	-2.20496580660434	-0.891915242732841	2.37337976064178	2.37337976064178	log.mad right 1	-2.20496580660434	margin	2
dotted	-2.1816656939412	-0.891915242732841	2.37337976064178	2.37337976064178	log.mad right 1	-2.1816656939412	margin	2
dotted	-2.16812652631956	-0.891915242732841	2.37337976064178	2.37337976064178	log.mad right 1	-2.16812652631956	margin	2
dotted	-2.14721737123815	-0.891915242732841	2.64893622494239	2.64893622494239	log.mad right 1	-2.14721737123815	margin	2
dotted	-2.11249860640012	-0.891915242732841	2.64893622494239	2.64893622494239	log.mad right 1	-2.11249860640012	margin	2
dotted	-2.09325687446392	-0.891915242732841	2.64893622494239	2.64893622494239	log.mad right 1	-2.09325687446392	margin	2
dotted	-2.03548671906702	-0.891915242732841	2.64893622494239	2.64893622494239	log.mad right 1	-2.03548671906702	margin	2
dotted	-1.89926384535668	-0.891915242732841	2.64893622494239	2.64893622494239	log.mad right 1	-1.89926384535668	margin	2
dotted	-1.78601242465807	-0.891915242732841	2.64893622494239	2.64893622494239	log.mad right 1	-1.78601242465807	margin	2
dotted	-1.69846549782181	-0.891915242732841	2.64893622494239	2.64893622494239	log.mad right 1	-1.69846549782181	margin	2
dotted	-1.63850006510732	-0.891915242732841	2.64893622494239	2.64893622494239	log.mad right 1	-1.63850006510732	margin	2
dotted	-1.60242408894456	-0.891915242732841	2.64893622494239	2.64893622494239	log.mad right 1	-1.60242408894456	margin	2
dotted	-1.56256020836578	-0.891915242732841	0.738496848947175	0.738496848947175	log.mad right 1	-1.56256020836578	margin	2
dotted	-1.46591940265293	-0.891915242732841	0.081950981237574	0.081950981237574	log.mad right 1	-1.46591940265293	margin	2
dotted	4.18965474202643	4.62454010014606	0.336107142473267	0.336107142473267	log.n left -1	4.62454010014606	margin	3
dotted	4.18965474202643	4.71654192163453	-0.927278543723117	-0.927278543723117	log.n left -1	4.71654192163453	margin	3
dotted	4.18965474202643	4.84219913577498	-0.927278543723117	-0.927278543723117	log.n left -1	4.84219913577498	margin	3
dotted	4.18965474202643	4.9270173344083	-1.13304187248063	-1.13304187248063	log.n left -1	4.9270173344083	margin	3
dotted	4.18965474202643	4.95580226031904	-1.0799679423312	-1.0799679423312	log.n left -1	4.95580226031904	margin	3
dotted	4.18965474202643	4.96632896491795	-1.0799679423312	-1.0799679423312	log.n left -1	4.96632896491795	margin	3
dotted	4.18965474202643	4.99022429683613	-1.0799679423312	-1.0799679423312	log.n left -1	4.99022429683613	margin	3
dotted	4.18965474202643	5.01395756545559	-0.781343897642266	-0.781343897642266	log.n left -1	5.01395756545559	margin	3
dotted	4.18965474202643	5.0205801788306	-0.781343897642266	-0.781343897642266	log.n left -1	5.0205801788306	margin	3
dotted	4.18965474202643	5.02715922111936	-0.930816378738923	-0.930816378738923	log.n left -1	5.02715922111936	margin	3
dotted	4.18965474202643	5.03369526190303	-0.930816378738923	-0.930816378738923	log.n left -1	5.03369526190303	margin	3
dotted	4.18965474202643	5.04018885966644	-0.944293202043077	-0.944293202043077	log.n left -1	5.04018885966644	margin	3
dotted	4.18965474202643	5.04983546113378	-0.944293202043077	-0.944293202043077	log.n left -1	5.04983546113378	margin	3
dotted	4.18965474202643	5.05942041918764	-1.17282723773116	-1.17282723773116	log.n left -1	5.05942041918764	margin	3
dotted	4.18965474202643	5.0688844241304	-1.17282723773116	-1.17282723773116	log.n left -1	5.0688844241304	margin	3
dotted	4.18965474202643	5.07828909010915	-1.17282723773116	-1.17282723773116	log.n left -1	5.07828909010915	margin	3
dotted	4.18965474202643	5.08450035010842	-1.17282723773116	-1.17282723773116	log.n left -1	5.08450035010842	margin	3
dotted	4.18965474202643	5.09067326801957	-0.88821760699098	-0.88821760699098	log.n left -1	5.09067326801957	margin	3
dotted	4.18965474202643	5.10587200661176	-0.88821760699098	-0.88821760699098	log.n left -1	5.10587200661176	margin	3
dotted	4.18965474202643	5.12689612473351	-0.88821760699098	-0.88821760699098	log.n left -1	5.12689612473351	margin	3
dotted	4.18965474202643	5.13873099677646	-0.88821760699098	-0.88821760699098	log.n left -1	5.13873099677646	margin	3
dotted	4.18965474202643	5.14457901665806	-0.844238442257946	-0.844238442257946	log.n left -1	5.14457901665806	margin	3
dotted	4.18965474202643	5.15039303565562	-0.844238442257946	-0.844238442257946	log.n left -1	5.15039303565562	margin	3
dotted	4.18965474202643	5.16188779476797	-0.844238442257946	-0.844238442257946	log.n left -1	5.16188779476797	margin	3
dotted	4.18965474202643	5.17331686380599	-0.844238442257946	-0.844238442257946	log.n left -1	5.17331686380599	margin	3
dotted	4.18965474202643	5.17896664143296	-0.615704406569866	-0.615704406569866	log.n left -1	5.17896664143296	margin	3
dotted	4.18965474202643	5.18458467806642	-0.387841300539221	-0.387841300539221	log.n left -1	5.18458467806642	margin	3
dotted	4.18965474202643	5.20387081545954	-0.387841300539221	-0.387841300539221	log.n left -1	5.20387081545954	margin	3
dotted	4.18965474202643	5.22839889395414	-0.387841300539221	-0.387841300539221	log.n left -1	5.22839889395414	margin	3
dotted	4.18965474202643	5.25727831103023	-0.387841300539221	-0.387841300539221	log.n left -1	5.25727831103023	margin	3
dotted	4.18965474202643	5.32204533712618	-0.387841300539221	-0.387841300539221	log.n left -1	5.32204533712618	margin	3
dotted	4.18965474202643	5.37523553890547	-0.387841300539221	-0.387841300539221	log.n left -1	5.37523553890547	margin	3
dotted	4.18965474202643	5.38906130457073	-0.387841300539221	-0.387841300539221	log.n left -1	5.38906130457073	margin	3
dotted	4.18965474202643	5.39589512393506	-0.387841300539221	-0.387841300539221	log.n left -1	5.39589512393506	margin	3
dotted	4.18965474202643	5.4049043766864	-0.387841300539221	-0.387841300539221	log.n left -1	5.4049043766864	margin	3
dotted	4.18965474202643	5.41609052556366	-0.387841300539221	-0.387841300539221	log.n left -1	5.41609052556366	margin	3
dotted	4.18965474202643	5.43792805731499	-0.387841300539221	-0.387841300539221	log.n left -1	5.43792805731499	margin	3
dotted	4.18965474202643	5.45745331475093	-0.387841300539221	-0.387841300539221	log.n left -1	5.45745331475093	margin	3
dotted	4.18965474202643	5.46592809390782	-0.387841300539221	-0.387841300539221	log.n left -1	5.46592809390782	margin	3
dotted	4.18965474202643	5.48880110480192	-0.387841300539221	-0.387841300539221	log.n left -1	5.48880110480192	margin	3
dotted	4.18965474202643	5.50735993628017	-0.387841300539221	-0.387841300539221	log.n left -1	5.50735993628017	margin	3
dotted	4.18965474202643	5.51140854139648	-0.387841300539221	-0.387841300539221	log.n left -1	5.51140854139648	margin	3
dotted	4.18965474202643	5.52930309532227	-0.387841300539221	-0.387841300539221	log.n left -1	5.52930309532227	margin	3
dotted	4.18965474202643	5.54712676468739	-0.387841300539221	-0.387841300539221	log.n left -1	5.54712676468739	margin	3
dotted	4.18965474202643	5.55871029432816	-0.387841300539221	-0.387841300539221	log.n left -1	5.55871029432816	margin	3
dotted	4.18965474202643	5.57966574213598	-0.387841300539221	-0.387841300539221	log.n left -1	5.57966574213598	margin	3
dotted	4.18965474202643	5.60387903908871	-0.387841300539221	-0.387841300539221	log.n left -1	5.60387903908871	margin	3
dotted	4.18965474202643	5.62399143974397	-0.387841300539221	-0.387841300539221	log.n left -1	5.62399143974397	margin	3
dotted	4.18965474202643	5.64360179632061	-0.387841300539221	-0.387841300539221	log.n left -1	5.64360179632061	margin	3
dotted	4.18965474202643	5.71215640330681	-0.387841300539221	-0.387841300539221	log.n left -1	5.71215640330681	margin	3
dotted	4.18965474202643	5.76988105946189	-0.387841300539221	-0.387841300539221	log.n left -1	5.76988105946189	margin	3
dotted	4.18965474202643	5.78979180655523	-0.387841300539221	-0.387841300539221	log.n left -1	5.78979180655523	margin	3
dotted	4.18965474202643	5.84573243923436	-0.387841300539221	-0.387841300539221	log.n left -1	5.84573243923436	margin	3
dotted	4.18965474202643	5.89023812806251	-0.387841300539221	-0.387841300539221	log.n left -1	5.89023812806251	margin	3
dotted	4.18965474202643	5.92778928033326	-0.3143747646887	-0.3143747646887	log.n left -1	5.92778928033326	margin	3
dotted	4.18965474202643	5.96228571607674	-0.3143747646887	-0.3143747646887	log.n left -1	5.96228571607674	margin	3
dotted	4.18965474202643	5.96742714955453	-0.3143747646887	-0.3143747646887	log.n left -1	5.96742714955453	margin	3
dotted	4.18965474202643	5.99121135801408	-0.3143747646887	-0.3143747646887	log.n left -1	5.99121135801408	margin	3
dotted	4.18965474202643	6.01615418526952	-0.3143747646887	-0.3143747646887	log.n left -1	6.01615418526952	margin	3
dotted	4.18965474202643	6.02102040372863	-0.3143747646887	-0.3143747646887	log.n left -1	6.02102040372863	margin	3
dotted	4.18965474202643	6.02465678339317	-0.3143747646887	-0.3143747646887	log.n left -1	6.02465678339317	margin	3
dotted	4.18965474202643	6.05404244210088	-0.3143747646887	-0.3143747646887	log.n left -1	6.05404244210088	margin	3
dotted	4.18965474202643	6.09126893119826	-0.3143747646887	-0.3143747646887	log.n left -1	6.09126893119826	margin	3
dotted	4.18965474202643	6.10367091988116	-0.3143747646887	-0.3143747646887	log.n left -1	6.10367091988116	margin	3
dotted	4.18965474202643	6.13411510471867	-0.3143747646887	-0.3143747646887	log.n left -1	6.13411510471867	margin	3
dotted	4.18965474202643	6.18389162421	-0.164902283592043	-0.164902283592043	log.n left -1	6.18389162421	margin	3
dotted	4.18965474202643	6.2115910139049	-0.0745565562983179	-0.0745565562983179	log.n left -1	6.2115910139049	margin	3
dotted	4.18965474202643	6.22157138518617	-0.0745565562983179	-0.0745565562983179	log.n left -1	6.22157138518617	margin	3
dotted	4.18965474202643	6.22850905843297	-0.0745565562983179	-0.0745565562983179	log.n left -1	6.22850905843297	margin	3
dotted	4.18965474202643	6.25543864326934	-0.0745565562983179	-0.0745565562983179	log.n left -1	6.25543864326934	margin	3
dotted	4.18965474202643	6.37791427783214	-0.0745565562983179	-0.0745565562983179	log.n left -1	6.37791427783214	margin	3
dotted	4.18965474202643	6.47697117945633	-0.0745565562983179	-0.0745565562983179	log.n left -1	6.47697117945633	margin	3
dotted	4.18965474202643	6.47927710206761	-0.0745565562983179	-0.0745565562983179	log.n left -1	6.47927710206761	margin	3
dotted	4.18965474202643	7.28414964452454	-0.11466336203393	-0.11466336203393	log.n left -1	7.28414964452454	margin	3
dotted	4.18965474202643	8.26901262111062	-0.0745565562983179	-0.0745565562983179	log.n left -1	8.26901262111062	margin	3
dotted	4.18965474202643	8.46907631233046	-0.00261018576893307	-0.00261018576893307	log.n left -1	8.46907631233046	margin	3
dotted	4.18965474202643	8.5886706719164	-0.00261018576893307	-0.00261018576893307	log.n left -1	8.5886706719164	margin	3
dotted	4.62454010014606	8.68895923427068	0.0618046851356349	0.0618046851356349	log.n right -1	4.62454010014606	margin	3
dotted	4.71654192163453	8.68895923427068	0.0618046851356349	0.0618046851356349	log.n right -1	4.71654192163453	margin	3
dotted	4.84219913577498	8.68895923427068	0.0618046851356349	0.0618046851356349	log.n right -1	4.84219913577498	margin	3
dotted	4.9270173344083	8.68895923427068	0.116143777886932	0.116143777886932	log.n right -1	4.9270173344083	margin	3
dotted	4.95580226031904	8.68895923427068	0.116143777886932	0.116143777886932	log.n right -1	4.95580226031904	margin	3
dotted	4.96632896491795	8.68895923427068	0.116143777886932	0.116143777886932	log.n right -1	4.96632896491795	margin	3
dotted	4.99022429683613	8.68895923427068	0.116143777886932	0.116143777886932	log.n right -1	4.99022429683613	margin	3
dotted	5.01395756545559	8.68895923427068	0.116143777886932	0.116143777886932	log.n right -1	5.01395756545559	margin	3
dotted	5.0205801788306	8.68895923427068	0.116143777886932	0.116143777886932	log.n right -1	5.0205801788306	margin	3
dotted	5.02715922111936	8.68895923427068	0.165906044690278	0.165906044690278	log.n right -1	5.02715922111936	margin	3
dotted	5.03369526190303	8.68895923427068	0.165906044690278	0.165906044690278	log.n right -1	5.03369526190303	margin	3
dotted	5.04018885966644	8.68895923427068	0.410082570270312	0.410082570270312	log.n right -1	5.04018885966644	margin	3
dotted	5.04983546113378	8.68895923427068	0.410082570270312	0.410082570270312	log.n right -1	5.04983546113378	margin	3
dotted	5.05942041918764	8.68895923427068	0.624981025737271	0.624981025737271	log.n right -1	5.05942041918764	margin	3
dotted	5.0688844241304	8.68895923427068	0.624981025737271	0.624981025737271	log.n right -1	5.0688844241304	margin	3
dotted	5.07828909010915	8.68895923427068	0.624981025737271	0.624981025737271	log.n right -1	5.07828909010915	margin	3
dotted	5.08450035010842	8.68895923427068	0.83122816017289	0.83122816017289	log.n right -1	5.08450035010842	margin	3
dotted	5.09067326801957	8.68895923427068	0.83122816017289	0.83122816017289	log.n right -1	5.09067326801957	margin	3
dotted	5.10587200661176	8.68895923427068	0.83122816017289	0.83122816017289	log.n right -1	5.10587200661176	margin	3
dotted	5.12689612473351	8.68895923427068	0.83122816017289	0.83122816017289	log.n right -1	5.12689612473351	margin	3
dotted	5.13873099677646	8.68895923427068	0.83122816017289	0.83122816017289	log.n right -1	5.13873099677646	margin	3
dotted	5.14457901665806	8.68895923427068	0.83122816017289	0.83122816017289	log.n right -1	5.14457901665806	margin	3
dotted	5.15039303565562	8.68895923427068	0.83122816017289	0.83122816017289	log.n right -1	5.15039303565562	margin	3
dotted	5.16188779476797	8.68895923427068	0.83122816017289	0.83122816017289	log.n right -1	5.16188779476797	margin	3
dotted	5.17331686380599	8.68895923427068	0.83122816017289	0.83122816017289	log.n right -1	5.17331686380599	margin	3
dotted	5.17896664143296	8.68895923427068	0.624981025737271	0.624981025737271	log.n right -1	5.17896664143296	margin	3
dotted	5.18458467806642	8.68895923427068	0.624981025737271	0.624981025737271	log.n right -1	5.18458467806642	margin	3
dotted	5.20387081545954	8.68895923427068	0.624981025737271	0.624981025737271	log.n right -1	5.20387081545954	margin	3
dotted	5.22839889395414	8.68895923427068	0.624981025737271	0.624981025737271	log.n right -1	5.22839889395414	margin	3
dotted	5.25727831103023	8.68895923427068	0.844243253072367	0.844243253072367	log.n right -1	5.25727831103023	margin	3
dotted	5.32204533712618	8.68895923427068	0.844243253072367	0.844243253072367	log.n right -1	5.32204533712618	margin	3
dotted	5.37523553890547	8.68895923427068	0.844243253072367	0.844243253072367	log.n right -1	5.37523553890547	margin	3
dotted	5.38906130457073	8.68895923427068	0.844243253072367	0.844243253072367	log.n right -1	5.38906130457073	margin	3
dotted	5.39589512393506	8.68895923427068	0.844243253072367	0.844243253072367	log.n right -1	5.39589512393506	margin	3
dotted	5.4049043766864	8.68895923427068	0.844243253072367	0.844243253072367	log.n right -1	5.4049043766864	margin	3
dotted	5.41609052556366	8.68895923427068	0.844243253072367	0.844243253072367	log.n right -1	5.41609052556366	margin	3
dotted	5.43792805731499	8.68895923427068	0.844243253072367	0.844243253072367	log.n right -1	5.43792805731499	margin	3
dotted	5.45745331475093	8.68895923427068	0.844243253072367	0.844243253072367	log.n right -1	5.45745331475093	margin	3
dotted	5.46592809390782	8.68895923427068	0.844243253072367	0.844243253072367	log.n right -1	5.46592809390782	margin	3
dotted	5.48880110480192	8.68895923427068	0.844243253072367	0.844243253072367	log.n right -1	5.48880110480192	margin	3
dotted	5.50735993628017	8.68895923427068	0.844243253072367	0.844243253072367	log.n right -1	5.50735993628017	margin	3
dotted	5.51140854139648	8.68895923427068	1.08093585685601	1.08093585685601	log.n right -1	5.51140854139648	margin	3
dotted	5.52930309532227	8.68895923427068	1.08093585685601	1.08093585685601	log.n right -1	5.52930309532227	margin	3
dotted	5.54712676468739	8.68895923427068	1.08093585685601	1.08093585685601	log.n right -1	5.54712676468739	margin	3
dotted	5.55871029432816	8.68895923427068	1.08093585685601	1.08093585685601	log.n right -1	5.55871029432816	margin	3
dotted	5.57966574213598	8.68895923427068	1.08093585685601	1.08093585685601	log.n right -1	5.57966574213598	margin	3
dotted	5.60387903908871	8.68895923427068	1.08093585685601	1.08093585685601	log.n right -1	5.60387903908871	margin	3
dotted	5.62399143974397	8.68895923427068	1.08093585685601	1.08093585685601	log.n right -1	5.62399143974397	margin	3
dotted	5.64360179632061	8.68895923427068	1.08093585685601	1.08093585685601	log.n right -1	5.64360179632061	margin	3
dotted	5.71215640330681	8.68895923427068	1.08093585685601	1.08093585685601	log.n right -1	5.71215640330681	margin	3
dotted	5.76988105946189	8.68895923427068	1.08093585685601	1.08093585685601	log.n right -1	5.76988105946189	margin	3
dotted	5.78979180655523	8.68895923427068	1.08093585685601	1.08093585685601	log.n right -1	5.78979180655523	margin	3
dotted	5.84573243923436	8.68895923427068	1.08093585685601	1.08093585685601	log.n right -1	5.84573243923436	margin	3
dotted	5.89023812806251	8.68895923427068	1.08093585685601	1.08093585685601	log.n right -1	5.89023812806251	margin	3
dotted	5.92778928033326	8.68895923427068	1.08093585685601	1.08093585685601	log.n right -1	5.92778928033326	margin	3
dotted	5.96228571607674	8.68895923427068	1.08093585685601	1.08093585685601	log.n right -1	5.96228571607674	margin	3
dotted	5.96742714955453	8.68895923427068	1.08093585685601	1.08093585685601	log.n right -1	5.96742714955453	margin	3
dotted	5.99121135801408	8.68895923427068	1.08093585685601	1.08093585685601	log.n right -1	5.99121135801408	margin	3
dotted	6.01615418526952	8.68895923427068	1.22252242996446	1.22252242996446	log.n right -1	6.01615418526952	margin	3
dotted	6.02102040372863	8.68895923427068	1.22252242996446	1.22252242996446	log.n right -1	6.02102040372863	margin	3
dotted	6.02465678339317	8.68895923427068	1.22252242996446	1.22252242996446	log.n right -1	6.02465678339317	margin	3
dotted	6.05404244210088	8.68895923427068	1.27577968384835	1.27577968384835	log.n right -1	6.05404244210088	margin	3
dotted	6.09126893119826	8.68895923427068	1.27577968384835	1.27577968384835	log.n right -1	6.09126893119826	margin	3
dotted	6.10367091988116	8.68895923427068	1.27577968384835	1.27577968384835	log.n right -1	6.10367091988116	margin	3
dotted	6.13411510471867	8.68895923427068	1.37337976064178	1.37337976064178	log.n right -1	6.13411510471867	margin	3
dotted	6.18389162421	8.68895923427068	1.37337976064178	1.37337976064178	log.n right -1	6.18389162421	margin	3
dotted	6.2115910139049	8.68895923427068	1.37337976064178	1.37337976064178	log.n right -1	6.2115910139049	margin	3
dotted	6.22157138518617	8.68895923427068	1.37337976064178	1.37337976064178	log.n right -1	6.22157138518617	margin	3
dotted	6.22850905843297	8.68895923427068	1.37337976064178	1.37337976064178	log.n right -1	6.22850905843297	margin	3
dotted	6.25543864326934	8.68895923427068	1.37337976064178	1.37337976064178	log.n right -1	6.25543864326934	margin	3
dotted	6.37791427783214	8.68895923427068	1.37337976064178	1.37337976064178	log.n right -1	6.37791427783214	margin	3
dotted	6.47697117945633	8.68895923427068	1.37337976064178	1.37337976064178	log.n right -1	6.47697117945633	margin	3
dotted	6.47927710206761	8.68895923427068	1.37337976064178	1.37337976064178	log.n right -1	6.47927710206761	margin	3
dotted	7.28414964452454	8.68895923427068	1.64893622494239	1.64893622494239	log.n right -1	7.28414964452454	margin	3
dotted	8.26901262111062	8.68895923427068	1.09782329634117	1.09782329634117	log.n right -1	8.26901262111062	margin	3
dotted	8.46907631233046	8.68895923427068	1.09782329634117	1.09782329634117	log.n right -1	8.46907631233046	margin	3
dotted	8.5886706719164	8.68895923427068	1.09782329634117	1.09782329634117	log.n right -1	8.5886706719164	margin	3
solid	4.18965474202643	4.62454010014606	0.836107142473267	0.836107142473267	log.n left 0	4.62454010014606	prediction	3
solid	4.18965474202643	4.71654192163453	-0.427278543723117	-0.427278543723117	log.n left 0	4.71654192163453	prediction	3
solid	4.18965474202643	4.84219913577498	-0.427278543723117	-0.427278543723117	log.n left 0	4.84219913577498	prediction	3
solid	4.18965474202643	4.9270173344083	-0.633041872480626	-0.633041872480626	log.n left 0	4.9270173344083	prediction	3
solid	4.18965474202643	4.95580226031904	-0.579967942331197	-0.579967942331197	log.n left 0	4.95580226031904	prediction	3
solid	4.18965474202643	4.96632896491795	-0.579967942331197	-0.579967942331197	log.n left 0	4.96632896491795	prediction	3
solid	4.18965474202643	4.99022429683613	-0.579967942331197	-0.579967942331197	log.n left 0	4.99022429683613	prediction	3
solid	4.18965474202643	5.01395756545559	-0.281343897642266	-0.281343897642266	log.n left 0	5.01395756545559	prediction	3
solid	4.18965474202643	5.0205801788306	-0.281343897642266	-0.281343897642266	log.n left 0	5.0205801788306	prediction	3
solid	4.18965474202643	5.02715922111936	-0.430816378738923	-0.430816378738923	log.n left 0	5.02715922111936	prediction	3
solid	4.18965474202643	5.03369526190303	-0.430816378738923	-0.430816378738923	log.n left 0	5.03369526190303	prediction	3
solid	4.18965474202643	5.04018885966644	-0.444293202043076	-0.444293202043076	log.n left 0	5.04018885966644	prediction	3
solid	4.18965474202643	5.04983546113378	-0.444293202043076	-0.444293202043076	log.n left 0	5.04983546113378	prediction	3
solid	4.18965474202643	5.05942041918764	-0.672827237731157	-0.672827237731157	log.n left 0	5.05942041918764	prediction	3
solid	4.18965474202643	5.0688844241304	-0.672827237731157	-0.672827237731157	log.n left 0	5.0688844241304	prediction	3
solid	4.18965474202643	5.07828909010915	-0.672827237731157	-0.672827237731157	log.n left 0	5.07828909010915	prediction	3
solid	4.18965474202643	5.08450035010842	-0.672827237731157	-0.672827237731157	log.n left 0	5.08450035010842	prediction	3
solid	4.18965474202643	5.09067326801957	-0.38821760699098	-0.38821760699098	log.n left 0	5.09067326801957	prediction	3
solid	4.18965474202643	5.10587200661176	-0.38821760699098	-0.38821760699098	log.n left 0	5.10587200661176	prediction	3
solid	4.18965474202643	5.12689612473351	-0.38821760699098	-0.38821760699098	log.n left 0	5.12689612473351	prediction	3
solid	4.18965474202643	5.13873099677646	-0.38821760699098	-0.38821760699098	log.n left 0	5.13873099677646	prediction	3
solid	4.18965474202643	5.14457901665806	-0.344238442257946	-0.344238442257946	log.n left 0	5.14457901665806	prediction	3
solid	4.18965474202643	5.15039303565562	-0.344238442257946	-0.344238442257946	log.n left 0	5.15039303565562	prediction	3
solid	4.18965474202643	5.16188779476797	-0.344238442257946	-0.344238442257946	log.n left 0	5.16188779476797	prediction	3
solid	4.18965474202643	5.17331686380599	-0.344238442257946	-0.344238442257946	log.n left 0	5.17331686380599	prediction	3
solid	4.18965474202643	5.17896664143296	-0.115704406569866	-0.115704406569866	log.n left 0	5.17896664143296	prediction	3
solid	4.18965474202643	5.18458467806642	0.112158699460779	0.112158699460779	log.n left 0	5.18458467806642	prediction	3
solid	4.18965474202643	5.20387081545954	0.112158699460779	0.112158699460779	log.n left 0	5.20387081545954	prediction	3
solid	4.18965474202643	5.22839889395414	0.112158699460779	0.112158699460779	log.n left 0	5.22839889395414	prediction	3
solid	4.18965474202643	5.25727831103023	0.112158699460779	0.112158699460779	log.n left 0	5.25727831103023	prediction	3
solid	4.18965474202643	5.32204533712618	0.112158699460779	0.112158699460779	log.n left 0	5.32204533712618	prediction	3
solid	4.18965474202643	5.37523553890547	0.112158699460779	0.112158699460779	log.n left 0	5.37523553890547	prediction	3
solid	4.18965474202643	5.38906130457073	0.112158699460779	0.112158699460779	log.n left 0	5.38906130457073	prediction	3
solid	4.18965474202643	5.39589512393506	0.112158699460779	0.112158699460779	log.n left 0	5.39589512393506	prediction	3
solid	4.18965474202643	5.4049043766864	0.112158699460779	0.112158699460779	log.n left 0	5.4049043766864	prediction	3
solid	4.18965474202643	5.41609052556366	0.112158699460779	0.112158699460779	log.n left 0	5.41609052556366	prediction	3
solid	4.18965474202643	5.43792805731499	0.112158699460779	0.112158699460779	log.n left 0	5.43792805731499	prediction	3
solid	4.18965474202643	5.45745331475093	0.112158699460779	0.112158699460779	log.n left 0	5.45745331475093	prediction	3
solid	4.18965474202643	5.46592809390782	0.112158699460779	0.112158699460779	log.n left 0	5.46592809390782	prediction	3
solid	4.18965474202643	5.48880110480192	0.112158699460779	0.112158699460779	log.n left 0	5.48880110480192	prediction	3
solid	4.18965474202643	5.50735993628017	0.112158699460779	0.112158699460779	log.n left 0	5.50735993628017	prediction	3
solid	4.18965474202643	5.51140854139648	0.112158699460779	0.112158699460779	log.n left 0	5.51140854139648	prediction	3
solid	4.18965474202643	5.52930309532227	0.112158699460779	0.112158699460779	log.n left 0	5.52930309532227	prediction	3
solid	4.18965474202643	5.54712676468739	0.112158699460779	0.112158699460779	log.n left 0	5.54712676468739	prediction	3
solid	4.18965474202643	5.55871029432816	0.112158699460779	0.112158699460779	log.n left 0	5.55871029432816	prediction	3
solid	4.18965474202643	5.57966574213598	0.112158699460779	0.112158699460779	log.n left 0	5.57966574213598	prediction	3
solid	4.18965474202643	5.60387903908871	0.112158699460779	0.112158699460779	log.n left 0	5.60387903908871	prediction	3
solid	4.18965474202643	5.62399143974397	0.112158699460779	0.112158699460779	log.n left 0	5.62399143974397	prediction	3
solid	4.18965474202643	5.64360179632061	0.112158699460779	0.112158699460779	log.n left 0	5.64360179632061	prediction	3
solid	4.18965474202643	5.71215640330681	0.112158699460779	0.112158699460779	log.n left 0	5.71215640330681	prediction	3
solid	4.18965474202643	5.76988105946189	0.112158699460779	0.112158699460779	log.n left 0	5.76988105946189	prediction	3
solid	4.18965474202643	5.78979180655523	0.112158699460779	0.112158699460779	log.n left 0	5.78979180655523	prediction	3
solid	4.18965474202643	5.84573243923436	0.112158699460779	0.112158699460779	log.n left 0	5.84573243923436	prediction	3
solid	4.18965474202643	5.89023812806251	0.112158699460779	0.112158699460779	log.n left 0	5.89023812806251	prediction	3
solid	4.18965474202643	5.92778928033326	0.1856252353113	0.1856252353113	log.n left 0	5.92778928033326	prediction	3
solid	4.18965474202643	5.96228571607674	0.1856252353113	0.1856252353113	log.n left 0	5.96228571607674	prediction	3
solid	4.18965474202643	5.96742714955453	0.1856252353113	0.1856252353113	log.n left 0	5.96742714955453	prediction	3
solid	4.18965474202643	5.99121135801408	0.1856252353113	0.1856252353113	log.n left 0	5.99121135801408	prediction	3
solid	4.18965474202643	6.01615418526952	0.1856252353113	0.1856252353113	log.n left 0	6.01615418526952	prediction	3
solid	4.18965474202643	6.02102040372863	0.1856252353113	0.1856252353113	log.n left 0	6.02102040372863	prediction	3
solid	4.18965474202643	6.02465678339317	0.1856252353113	0.1856252353113	log.n left 0	6.02465678339317	prediction	3
solid	4.18965474202643	6.05404244210088	0.1856252353113	0.1856252353113	log.n left 0	6.05404244210088	prediction	3
solid	4.18965474202643	6.09126893119826	0.1856252353113	0.1856252353113	log.n left 0	6.09126893119826	prediction	3
solid	4.18965474202643	6.10367091988116	0.1856252353113	0.1856252353113	log.n left 0	6.10367091988116	prediction	3
solid	4.18965474202643	6.13411510471867	0.1856252353113	0.1856252353113	log.n left 0	6.13411510471867	prediction	3
solid	4.18965474202643	6.18389162421	0.335097716407957	0.335097716407957	log.n left 0	6.18389162421	prediction	3
solid	4.18965474202643	6.2115910139049	0.425443443701682	0.425443443701682	log.n left 0	6.2115910139049	prediction	3
solid	4.18965474202643	6.22157138518617	0.425443443701682	0.425443443701682	log.n left 0	6.22157138518617	prediction	3
solid	4.18965474202643	6.22850905843297	0.425443443701682	0.425443443701682	log.n left 0	6.22850905843297	prediction	3
solid	4.18965474202643	6.25543864326934	0.425443443701682	0.425443443701682	log.n left 0	6.25543864326934	prediction	3
solid	4.18965474202643	6.37791427783214	0.425443443701682	0.425443443701682	log.n left 0	6.37791427783214	prediction	3
solid	4.18965474202643	6.47697117945633	0.425443443701682	0.425443443701682	log.n left 0	6.47697117945633	prediction	3
solid	4.18965474202643	6.47927710206761	0.425443443701682	0.425443443701682	log.n left 0	6.47927710206761	prediction	3
solid	4.18965474202643	7.28414964452454	0.38533663796607	0.38533663796607	log.n left 0	7.28414964452454	prediction	3
solid	4.18965474202643	8.26901262111062	0.425443443701682	0.425443443701682	log.n left 0	8.26901262111062	prediction	3
solid	4.18965474202643	8.46907631233046	0.497389814231067	0.497389814231067	log.n left 0	8.46907631233046	prediction	3
solid	4.18965474202643	8.5886706719164	0.497389814231067	0.497389814231067	log.n left 0	8.5886706719164	prediction	3
solid	4.62454010014606	8.68895923427068	0.561804685135635	0.561804685135635	log.n right 0	4.62454010014606	prediction	3
solid	4.71654192163453	8.68895923427068	0.561804685135635	0.561804685135635	log.n right 0	4.71654192163453	prediction	3
solid	4.84219913577498	8.68895923427068	0.561804685135635	0.561804685135635	log.n right 0	4.84219913577498	prediction	3
solid	4.9270173344083	8.68895923427068	0.616143777886932	0.616143777886932	log.n right 0	4.9270173344083	prediction	3
solid	4.95580226031904	8.68895923427068	0.616143777886932	0.616143777886932	log.n right 0	4.95580226031904	prediction	3
solid	4.96632896491795	8.68895923427068	0.616143777886932	0.616143777886932	log.n right 0	4.96632896491795	prediction	3
solid	4.99022429683613	8.68895923427068	0.616143777886932	0.616143777886932	log.n right 0	4.99022429683613	prediction	3
solid	5.01395756545559	8.68895923427068	0.616143777886932	0.616143777886932	log.n right 0	5.01395756545559	prediction	3
solid	5.0205801788306	8.68895923427068	0.616143777886932	0.616143777886932	log.n right 0	5.0205801788306	prediction	3
solid	5.02715922111936	8.68895923427068	0.665906044690279	0.665906044690279	log.n right 0	5.02715922111936	prediction	3
solid	5.03369526190303	8.68895923427068	0.665906044690279	0.665906044690279	log.n right 0	5.03369526190303	prediction	3
solid	5.04018885966644	8.68895923427068	0.910082570270312	0.910082570270312	log.n right 0	5.04018885966644	prediction	3
solid	5.04983546113378	8.68895923427068	0.910082570270312	0.910082570270312	log.n right 0	5.04983546113378	prediction	3
solid	5.05942041918764	8.68895923427068	1.12498102573727	1.12498102573727	log.n right 0	5.05942041918764	prediction	3
solid	5.0688844241304	8.68895923427068	1.12498102573727	1.12498102573727	log.n right 0	5.0688844241304	prediction	3
solid	5.07828909010915	8.68895923427068	1.12498102573727	1.12498102573727	log.n right 0	5.07828909010915	prediction	3
solid	5.08450035010842	8.68895923427068	1.33122816017289	1.33122816017289	log.n right 0	5.08450035010842	prediction	3
solid	5.09067326801957	8.68895923427068	1.33122816017289	1.33122816017289	log.n right 0	5.09067326801957	prediction	3
solid	5.10587200661176	8.68895923427068	1.33122816017289	1.33122816017289	log.n right 0	5.10587200661176	prediction	3
solid	5.12689612473351	8.68895923427068	1.33122816017289	1.33122816017289	log.n right 0	5.12689612473351	prediction	3
solid	5.13873099677646	8.68895923427068	1.33122816017289	1.33122816017289	log.n right 0	5.13873099677646	prediction	3
solid	5.14457901665806	8.68895923427068	1.33122816017289	1.33122816017289	log.n right 0	5.14457901665806	prediction	3
solid	5.15039303565562	8.68895923427068	1.33122816017289	1.33122816017289	log.n right 0	5.15039303565562	prediction	3
solid	5.16188779476797	8.68895923427068	1.33122816017289	1.33122816017289	log.n right 0	5.16188779476797	prediction	3
solid	5.17331686380599	8.68895923427068	1.33122816017289	1.33122816017289	log.n right 0	5.17331686380599	prediction	3
solid	5.17896664143296	8.68895923427068	1.12498102573727	1.12498102573727	log.n right 0	5.17896664143296	prediction	3
solid	5.18458467806642	8.68895923427068	1.12498102573727	1.12498102573727	log.n right 0	5.18458467806642	prediction	3
solid	5.20387081545954	8.68895923427068	1.12498102573727	1.12498102573727	log.n right 0	5.20387081545954	prediction	3
solid	5.22839889395414	8.68895923427068	1.12498102573727	1.12498102573727	log.n right 0	5.22839889395414	prediction	3
solid	5.25727831103023	8.68895923427068	1.34424325307237	1.34424325307237	log.n right 0	5.25727831103023	prediction	3
solid	5.32204533712618	8.68895923427068	1.34424325307237	1.34424325307237	log.n right 0	5.32204533712618	prediction	3
solid	5.37523553890547	8.68895923427068	1.34424325307237	1.34424325307237	log.n right 0	5.37523553890547	prediction	3
solid	5.38906130457073	8.68895923427068	1.34424325307237	1.34424325307237	log.n right 0	5.38906130457073	prediction	3
solid	5.39589512393506	8.68895923427068	1.34424325307237	1.34424325307237	log.n right 0	5.39589512393506	prediction	3
solid	5.4049043766864	8.68895923427068	1.34424325307237	1.34424325307237	log.n right 0	5.4049043766864	prediction	3
solid	5.41609052556366	8.68895923427068	1.34424325307237	1.34424325307237	log.n right 0	5.41609052556366	prediction	3
solid	5.43792805731499	8.68895923427068	1.34424325307237	1.34424325307237	log.n right 0	5.43792805731499	prediction	3
solid	5.45745331475093	8.68895923427068	1.34424325307237	1.34424325307237	log.n right 0	5.45745331475093	prediction	3
solid	5.46592809390782	8.68895923427068	1.34424325307237	1.34424325307237	log.n right 0	5.46592809390782	prediction	3
solid	5.48880110480192	8.68895923427068	1.34424325307237	1.34424325307237	log.n right 0	5.48880110480192	prediction	3
solid	5.50735993628017	8.68895923427068	1.34424325307237	1.34424325307237	log.n right 0	5.50735993628017	prediction	3
solid	5.51140854139648	8.68895923427068	1.58093585685601	1.58093585685601	log.n right 0	5.51140854139648	prediction	3
solid	5.52930309532227	8.68895923427068	1.58093585685601	1.58093585685601	log.n right 0	5.52930309532227	prediction	3
solid	5.54712676468739	8.68895923427068	1.58093585685601	1.58093585685601	log.n right 0	5.54712676468739	prediction	3
solid	5.55871029432816	8.68895923427068	1.58093585685601	1.58093585685601	log.n right 0	5.55871029432816	prediction	3
solid	5.57966574213598	8.68895923427068	1.58093585685601	1.58093585685601	log.n right 0	5.57966574213598	prediction	3
solid	5.60387903908871	8.68895923427068	1.58093585685601	1.58093585685601	log.n right 0	5.60387903908871	prediction	3
solid	5.62399143974397	8.68895923427068	1.58093585685601	1.58093585685601	log.n right 0	5.62399143974397	prediction	3
solid	5.64360179632061	8.68895923427068	1.58093585685601	1.58093585685601	log.n right 0	5.64360179632061	prediction	3
solid	5.71215640330681	8.68895923427068	1.58093585685601	1.58093585685601	log.n right 0	5.71215640330681	prediction	3
solid	5.76988105946189	8.68895923427068	1.58093585685601	1.58093585685601	log.n right 0	5.76988105946189	prediction	3
solid	5.78979180655523	8.68895923427068	1.58093585685601	1.58093585685601	log.n right 0	5.78979180655523	prediction	3
solid	5.84573243923436	8.68895923427068	1.58093585685601	1.58093585685601	log.n right 0	5.84573243923436	prediction	3
solid	5.89023812806251	8.68895923427068	1.58093585685601	1.58093585685601	log.n right 0	5.89023812806251	prediction	3
solid	5.92778928033326	8.68895923427068	1.58093585685601	1.58093585685601	log.n right 0	5.92778928033326	prediction	3
solid	5.96228571607674	8.68895923427068	1.58093585685601	1.58093585685601	log.n right 0	5.96228571607674	prediction	3
solid	5.96742714955453	8.68895923427068	1.58093585685601	1.58093585685601	log.n right 0	5.96742714955453	prediction	3
solid	5.99121135801408	8.68895923427068	1.58093585685601	1.58093585685601	log.n right 0	5.99121135801408	prediction	3
solid	6.01615418526952	8.68895923427068	1.72252242996446	1.72252242996446	log.n right 0	6.01615418526952	prediction	3
solid	6.02102040372863	8.68895923427068	1.72252242996446	1.72252242996446	log.n right 0	6.02102040372863	prediction	3
solid	6.02465678339317	8.68895923427068	1.72252242996446	1.72252242996446	log.n right 0	6.02465678339317	prediction	3
solid	6.05404244210088	8.68895923427068	1.77577968384835	1.77577968384835	log.n right 0	6.05404244210088	prediction	3
solid	6.09126893119826	8.68895923427068	1.77577968384835	1.77577968384835	log.n right 0	6.09126893119826	prediction	3
solid	6.10367091988116	8.68895923427068	1.77577968384835	1.77577968384835	log.n right 0	6.10367091988116	prediction	3
solid	6.13411510471867	8.68895923427068	1.87337976064178	1.87337976064178	log.n right 0	6.13411510471867	prediction	3
solid	6.18389162421	8.68895923427068	1.87337976064178	1.87337976064178	log.n right 0	6.18389162421	prediction	3
solid	6.2115910139049	8.68895923427068	1.87337976064178	1.87337976064178	log.n right 0	6.2115910139049	prediction	3
solid	6.22157138518617	8.68895923427068	1.87337976064178	1.87337976064178	log.n right 0	6.22157138518617	prediction	3
solid	6.22850905843297	8.68895923427068	1.87337976064178	1.87337976064178	log.n right 0	6.22850905843297	prediction	3
solid	6.25543864326934	8.68895923427068	1.87337976064178	1.87337976064178	log.n right 0	6.25543864326934	prediction	3
solid	6.37791427783214	8.68895923427068	1.87337976064178	1.87337976064178	log.n right 0	6.37791427783214	prediction	3
solid	6.47697117945633	8.68895923427068	1.87337976064178	1.87337976064178	log.n right 0	6.47697117945633	prediction	3
solid	6.47927710206761	8.68895923427068	1.87337976064178	1.87337976064178	log.n right 0	6.47927710206761	prediction	3
solid	7.28414964452454	8.68895923427068	2.14893622494239	2.14893622494239	log.n right 0	7.28414964452454	prediction	3
solid	8.26901262111062	8.68895923427068	1.59782329634117	1.59782329634117	log.n right 0	8.26901262111062	prediction	3
solid	8.46907631233046	8.68895923427068	1.59782329634117	1.59782329634117	log.n right 0	8.46907631233046	prediction	3
solid	8.5886706719164	8.68895923427068	1.59782329634117	1.59782329634117	log.n right 0	8.5886706719164	prediction	3
dotted	4.18965474202643	4.62454010014606	1.33610714247327	1.33610714247327	log.n left 1	4.62454010014606	margin	3
dotted	4.18965474202643	4.71654192163453	0.0727214562768834	0.0727214562768834	log.n left 1	4.71654192163453	margin	3
dotted	4.18965474202643	4.84219913577498	0.0727214562768834	0.0727214562768834	log.n left 1	4.84219913577498	margin	3
dotted	4.18965474202643	4.9270173344083	-0.133041872480626	-0.133041872480626	log.n left 1	4.9270173344083	margin	3
dotted	4.18965474202643	4.95580226031904	-0.0799679423311972	-0.0799679423311972	log.n left 1	4.95580226031904	margin	3
dotted	4.18965474202643	4.96632896491795	-0.0799679423311972	-0.0799679423311972	log.n left 1	4.96632896491795	margin	3
dotted	4.18965474202643	4.99022429683613	-0.0799679423311972	-0.0799679423311972	log.n left 1	4.99022429683613	margin	3
dotted	4.18965474202643	5.01395756545559	0.218656102357734	0.218656102357734	log.n left 1	5.01395756545559	margin	3
dotted	4.18965474202643	5.0205801788306	0.218656102357734	0.218656102357734	log.n left 1	5.0205801788306	margin	3
dotted	4.18965474202643	5.02715922111936	0.0691836212610766	0.0691836212610766	log.n left 1	5.02715922111936	margin	3
dotted	4.18965474202643	5.03369526190303	0.0691836212610766	0.0691836212610766	log.n left 1	5.03369526190303	margin	3
dotted	4.18965474202643	5.04018885966644	0.0557067979569235	0.0557067979569235	log.n left 1	5.04018885966644	margin	3
dotted	4.18965474202643	5.04983546113378	0.0557067979569235	0.0557067979569235	log.n left 1	5.04983546113378	margin	3
dotted	4.18965474202643	5.05942041918764	-0.172827237731157	-0.172827237731157	log.n left 1	5.05942041918764	margin	3
dotted	4.18965474202643	5.0688844241304	-0.172827237731157	-0.172827237731157	log.n left 1	5.0688844241304	margin	3
dotted	4.18965474202643	5.07828909010915	-0.172827237731157	-0.172827237731157	log.n left 1	5.07828909010915	margin	3
dotted	4.18965474202643	5.08450035010842	-0.172827237731157	-0.172827237731157	log.n left 1	5.08450035010842	margin	3
dotted	4.18965474202643	5.09067326801957	0.11178239300902	0.11178239300902	log.n left 1	5.09067326801957	margin	3
dotted	4.18965474202643	5.10587200661176	0.11178239300902	0.11178239300902	log.n left 1	5.10587200661176	margin	3
dotted	4.18965474202643	5.12689612473351	0.11178239300902	0.11178239300902	log.n left 1	5.12689612473351	margin	3
dotted	4.18965474202643	5.13873099677646	0.11178239300902	0.11178239300902	log.n left 1	5.13873099677646	margin	3
dotted	4.18965474202643	5.14457901665806	0.155761557742054	0.155761557742054	log.n left 1	5.14457901665806	margin	3
dotted	4.18965474202643	5.15039303565562	0.155761557742054	0.155761557742054	log.n left 1	5.15039303565562	margin	3
dotted	4.18965474202643	5.16188779476797	0.155761557742054	0.155761557742054	log.n left 1	5.16188779476797	margin	3
dotted	4.18965474202643	5.17331686380599	0.155761557742054	0.155761557742054	log.n left 1	5.17331686380599	margin	3
dotted	4.18965474202643	5.17896664143296	0.384295593430134	0.384295593430134	log.n left 1	5.17896664143296	margin	3
dotted	4.18965474202643	5.18458467806642	0.612158699460779	0.612158699460779	log.n left 1	5.18458467806642	margin	3
dotted	4.18965474202643	5.20387081545954	0.612158699460779	0.612158699460779	log.n left 1	5.20387081545954	margin	3
dotted	4.18965474202643	5.22839889395414	0.612158699460779	0.612158699460779	log.n left 1	5.22839889395414	margin	3
dotted	4.18965474202643	5.25727831103023	0.612158699460779	0.612158699460779	log.n left 1	5.25727831103023	margin	3
dotted	4.18965474202643	5.32204533712618	0.612158699460779	0.612158699460779	log.n left 1	5.32204533712618	margin	3
dotted	4.18965474202643	5.37523553890547	0.612158699460779	0.612158699460779	log.n left 1	5.37523553890547	margin	3
dotted	4.18965474202643	5.38906130457073	0.612158699460779	0.612158699460779	log.n left 1	5.38906130457073	margin	3
dotted	4.18965474202643	5.39589512393506	0.612158699460779	0.612158699460779	log.n left 1	5.39589512393506	margin	3
dotted	4.18965474202643	5.4049043766864	0.612158699460779	0.612158699460779	log.n left 1	5.4049043766864	margin	3
dotted	4.18965474202643	5.41609052556366	0.612158699460779	0.612158699460779	log.n left 1	5.41609052556366	margin	3
dotted	4.18965474202643	5.43792805731499	0.612158699460779	0.612158699460779	log.n left 1	5.43792805731499	margin	3
dotted	4.18965474202643	5.45745331475093	0.612158699460779	0.612158699460779	log.n left 1	5.45745331475093	margin	3
dotted	4.18965474202643	5.46592809390782	0.612158699460779	0.612158699460779	log.n left 1	5.46592809390782	margin	3
dotted	4.18965474202643	5.48880110480192	0.612158699460779	0.612158699460779	log.n left 1	5.48880110480192	margin	3
dotted	4.18965474202643	5.50735993628017	0.612158699460779	0.612158699460779	log.n left 1	5.50735993628017	margin	3
dotted	4.18965474202643	5.51140854139648	0.612158699460779	0.612158699460779	log.n left 1	5.51140854139648	margin	3
dotted	4.18965474202643	5.52930309532227	0.612158699460779	0.612158699460779	log.n left 1	5.52930309532227	margin	3
dotted	4.18965474202643	5.54712676468739	0.612158699460779	0.612158699460779	log.n left 1	5.54712676468739	margin	3
dotted	4.18965474202643	5.55871029432816	0.612158699460779	0.612158699460779	log.n left 1	5.55871029432816	margin	3
dotted	4.18965474202643	5.57966574213598	0.612158699460779	0.612158699460779	log.n left 1	5.57966574213598	margin	3
dotted	4.18965474202643	5.60387903908871	0.612158699460779	0.612158699460779	log.n left 1	5.60387903908871	margin	3
dotted	4.18965474202643	5.62399143974397	0.612158699460779	0.612158699460779	log.n left 1	5.62399143974397	margin	3
dotted	4.18965474202643	5.64360179632061	0.612158699460779	0.612158699460779	log.n left 1	5.64360179632061	margin	3
dotted	4.18965474202643	5.71215640330681	0.612158699460779	0.612158699460779	log.n left 1	5.71215640330681	margin	3
dotted	4.18965474202643	5.76988105946189	0.612158699460779	0.612158699460779	log.n left 1	5.76988105946189	margin	3
dotted	4.18965474202643	5.78979180655523	0.612158699460779	0.612158699460779	log.n left 1	5.78979180655523	margin	3
dotted	4.18965474202643	5.84573243923436	0.612158699460779	0.612158699460779	log.n left 1	5.84573243923436	margin	3
dotted	4.18965474202643	5.89023812806251	0.612158699460779	0.612158699460779	log.n left 1	5.89023812806251	margin	3
dotted	4.18965474202643	5.92778928033326	0.6856252353113	0.6856252353113	log.n left 1	5.92778928033326	margin	3
dotted	4.18965474202643	5.96228571607674	0.6856252353113	0.6856252353113	log.n left 1	5.96228571607674	margin	3
dotted	4.18965474202643	5.96742714955453	0.6856252353113	0.6856252353113	log.n left 1	5.96742714955453	margin	3
dotted	4.18965474202643	5.99121135801408	0.6856252353113	0.6856252353113	log.n left 1	5.99121135801408	margin	3
dotted	4.18965474202643	6.01615418526952	0.6856252353113	0.6856252353113	log.n left 1	6.01615418526952	margin	3
dotted	4.18965474202643	6.02102040372863	0.6856252353113	0.6856252353113	log.n left 1	6.02102040372863	margin	3
dotted	4.18965474202643	6.02465678339317	0.6856252353113	0.6856252353113	log.n left 1	6.02465678339317	margin	3
dotted	4.18965474202643	6.05404244210088	0.6856252353113	0.6856252353113	log.n left 1	6.05404244210088	margin	3
dotted	4.18965474202643	6.09126893119826	0.6856252353113	0.6856252353113	log.n left 1	6.09126893119826	margin	3
dotted	4.18965474202643	6.10367091988116	0.6856252353113	0.6856252353113	log.n left 1	6.10367091988116	margin	3
dotted	4.18965474202643	6.13411510471867	0.6856252353113	0.6856252353113	log.n left 1	6.13411510471867	margin	3
dotted	4.18965474202643	6.18389162421	0.835097716407957	0.835097716407957	log.n left 1	6.18389162421	margin	3
dotted	4.18965474202643	6.2115910139049	0.925443443701682	0.925443443701682	log.n left 1	6.2115910139049	margin	3
dotted	4.18965474202643	6.22157138518617	0.925443443701682	0.925443443701682	log.n left 1	6.22157138518617	margin	3
dotted	4.18965474202643	6.22850905843297	0.925443443701682	0.925443443701682	log.n left 1	6.22850905843297	margin	3
dotted	4.18965474202643	6.25543864326934	0.925443443701682	0.925443443701682	log.n left 1	6.25543864326934	margin	3
dotted	4.18965474202643	6.37791427783214	0.925443443701682	0.925443443701682	log.n left 1	6.37791427783214	margin	3
dotted	4.18965474202643	6.47697117945633	0.925443443701682	0.925443443701682	log.n left 1	6.47697117945633	margin	3
dotted	4.18965474202643	6.47927710206761	0.925443443701682	0.925443443701682	log.n left 1	6.47927710206761	margin	3
dotted	4.18965474202643	7.28414964452454	0.88533663796607	0.88533663796607	log.n left 1	7.28414964452454	margin	3
dotted	4.18965474202643	8.26901262111062	0.925443443701682	0.925443443701682	log.n left 1	8.26901262111062	margin	3
dotted	4.18965474202643	8.46907631233046	0.997389814231067	0.997389814231067	log.n left 1	8.46907631233046	margin	3
dotted	4.18965474202643	8.5886706719164	0.997389814231067	0.997389814231067	log.n left 1	8.5886706719164	margin	3
dotted	4.62454010014606	8.68895923427068	1.06180468513563	1.06180468513563	log.n right 1	4.62454010014606	margin	3
dotted	4.71654192163453	8.68895923427068	1.06180468513563	1.06180468513563	log.n right 1	4.71654192163453	margin	3
dotted	4.84219913577498	8.68895923427068	1.06180468513563	1.06180468513563	log.n right 1	4.84219913577498	margin	3
dotted	4.9270173344083	8.68895923427068	1.11614377788693	1.11614377788693	log.n right 1	4.9270173344083	margin	3
dotted	4.95580226031904	8.68895923427068	1.11614377788693	1.11614377788693	log.n right 1	4.95580226031904	margin	3
dotted	4.96632896491795	8.68895923427068	1.11614377788693	1.11614377788693	log.n right 1	4.96632896491795	margin	3
dotted	4.99022429683613	8.68895923427068	1.11614377788693	1.11614377788693	log.n right 1	4.99022429683613	margin	3
dotted	5.01395756545559	8.68895923427068	1.11614377788693	1.11614377788693	log.n right 1	5.01395756545559	margin	3
dotted	5.0205801788306	8.68895923427068	1.11614377788693	1.11614377788693	log.n right 1	5.0205801788306	margin	3
dotted	5.02715922111936	8.68895923427068	1.16590604469028	1.16590604469028	log.n right 1	5.02715922111936	margin	3
dotted	5.03369526190303	8.68895923427068	1.16590604469028	1.16590604469028	log.n right 1	5.03369526190303	margin	3
dotted	5.04018885966644	8.68895923427068	1.41008257027031	1.41008257027031	log.n right 1	5.04018885966644	margin	3
dotted	5.04983546113378	8.68895923427068	1.41008257027031	1.41008257027031	log.n right 1	5.04983546113378	margin	3
dotted	5.05942041918764	8.68895923427068	1.62498102573727	1.62498102573727	log.n right 1	5.05942041918764	margin	3
dotted	5.0688844241304	8.68895923427068	1.62498102573727	1.62498102573727	log.n right 1	5.0688844241304	margin	3
dotted	5.07828909010915	8.68895923427068	1.62498102573727	1.62498102573727	log.n right 1	5.07828909010915	margin	3
dotted	5.08450035010842	8.68895923427068	1.83122816017289	1.83122816017289	log.n right 1	5.08450035010842	margin	3
dotted	5.09067326801957	8.68895923427068	1.83122816017289	1.83122816017289	log.n right 1	5.09067326801957	margin	3
dotted	5.10587200661176	8.68895923427068	1.83122816017289	1.83122816017289	log.n right 1	5.10587200661176	margin	3
dotted	5.12689612473351	8.68895923427068	1.83122816017289	1.83122816017289	log.n right 1	5.12689612473351	margin	3
dotted	5.13873099677646	8.68895923427068	1.83122816017289	1.83122816017289	log.n right 1	5.13873099677646	margin	3
dotted	5.14457901665806	8.68895923427068	1.83122816017289	1.83122816017289	log.n right 1	5.14457901665806	margin	3
dotted	5.15039303565562	8.68895923427068	1.83122816017289	1.83122816017289	log.n right 1	5.15039303565562	margin	3
dotted	5.16188779476797	8.68895923427068	1.83122816017289	1.83122816017289	log.n right 1	5.16188779476797	margin	3
dotted	5.17331686380599	8.68895923427068	1.83122816017289	1.83122816017289	log.n right 1	5.17331686380599	margin	3
dotted	5.17896664143296	8.68895923427068	1.62498102573727	1.62498102573727	log.n right 1	5.17896664143296	margin	3
dotted	5.18458467806642	8.68895923427068	1.62498102573727	1.62498102573727	log.n right 1	5.18458467806642	margin	3
dotted	5.20387081545954	8.68895923427068	1.62498102573727	1.62498102573727	log.n right 1	5.20387081545954	margin	3
dotted	5.22839889395414	8.68895923427068	1.62498102573727	1.62498102573727	log.n right 1	5.22839889395414	margin	3
dotted	5.25727831103023	8.68895923427068	1.84424325307237	1.84424325307237	log.n right 1	5.25727831103023	margin	3
dotted	5.32204533712618	8.68895923427068	1.84424325307237	1.84424325307237	log.n right 1	5.32204533712618	margin	3
dotted	5.37523553890547	8.68895923427068	1.84424325307237	1.84424325307237	log.n right 1	5.37523553890547	margin	3
dotted	5.38906130457073	8.68895923427068	1.84424325307237	1.84424325307237	log.n right 1	5.38906130457073	margin	3
dotted	5.39589512393506	8.68895923427068	1.84424325307237	1.84424325307237	log.n right 1	5.39589512393506	margin	3
dotted	5.4049043766864	8.68895923427068	1.84424325307237	1.84424325307237	log.n right 1	5.4049043766864	margin	3
dotted	5.41609052556366	8.68895923427068	1.84424325307237	1.84424325307237	log.n right 1	5.41609052556366	margin	3
dotted	5.43792805731499	8.68895923427068	1.84424325307237	1.84424325307237	log.n right 1	5.43792805731499	margin	3
dotted	5.45745331475093	8.68895923427068	1.84424325307237	1.84424325307237	log.n right 1	5.45745331475093	margin	3
dotted	5.46592809390782	8.68895923427068	1.84424325307237	1.84424325307237	log.n right 1	5.46592809390782	margin	3
dotted	5.48880110480192	8.68895923427068	1.84424325307237	1.84424325307237	log.n right 1	5.48880110480192	margin	3
dotted	5.50735993628017	8.68895923427068	1.84424325307237	1.84424325307237	log.n right 1	5.50735993628017	margin	3
dotted	5.51140854139648	8.68895923427068	2.08093585685601	2.08093585685601	log.n right 1	5.51140854139648	margin	3
dotted	5.52930309532227	8.68895923427068	2.08093585685601	2.08093585685601	log.n right 1	5.52930309532227	margin	3
dotted	5.54712676468739	8.68895923427068	2.08093585685601	2.08093585685601	log.n right 1	5.54712676468739	margin	3
dotted	5.55871029432816	8.68895923427068	2.08093585685601	2.08093585685601	log.n right 1	5.55871029432816	margin	3
dotted	5.57966574213598	8.68895923427068	2.08093585685601	2.08093585685601	log.n right 1	5.57966574213598	margin	3
dotted	5.60387903908871	8.68895923427068	2.08093585685601	2.08093585685601	log.n right 1	5.60387903908871	margin	3
dotted	5.62399143974397	8.68895923427068	2.08093585685601	2.08093585685601	log.n right 1	5.62399143974397	margin	3
dotted	5.64360179632061	8.68895923427068	2.08093585685601	2.08093585685601	log.n right 1	5.64360179632061	margin	3
dotted	5.71215640330681	8.68895923427068	2.08093585685601	2.08093585685601	log.n right 1	5.71215640330681	margin	3
dotted	5.76988105946189	8.68895923427068	2.08093585685601	2.08093585685601	log.n right 1	5.76988105946189	margin	3
dotted	5.78979180655523	8.68895923427068	2.08093585685601	2.08093585685601	log.n right 1	5.78979180655523	margin	3
dotted	5.84573243923436	8.68895923427068	2.08093585685601	2.08093585685601	log.n right 1	5.84573243923436	margin	3
dotted	5.89023812806251	8.68895923427068	2.08093585685601	2.08093585685601	log.n right 1	5.89023812806251	margin	3
dotted	5.92778928033326	8.68895923427068	2.08093585685601	2.08093585685601	log.n right 1	5.92778928033326	margin	3
dotted	5.96228571607674	8.68895923427068	2.08093585685601	2.08093585685601	log.n right 1	5.96228571607674	margin	3
dotted	5.96742714955453	8.68895923427068	2.08093585685601	2.08093585685601	log.n right 1	5.96742714955453	margin	3
dotted	5.99121135801408	8.68895923427068	2.08093585685601	2.08093585685601	log.n right 1	5.99121135801408	margin	3
dotted	6.01615418526952	8.68895923427068	2.22252242996446	2.22252242996446	log.n right 1	6.01615418526952	margin	3
dotted	6.02102040372863	8.68895923427068	2.22252242996446	2.22252242996446	log.n right 1	6.02102040372863	margin	3
dotted	6.02465678339317	8.68895923427068	2.22252242996446	2.22252242996446	log.n right 1	6.02465678339317	margin	3
dotted	6.05404244210088	8.68895923427068	2.27577968384835	2.27577968384835	log.n right 1	6.05404244210088	margin	3
dotted	6.09126893119826	8.68895923427068	2.27577968384835	2.27577968384835	log.n right 1	6.09126893119826	margin	3
dotted	6.10367091988116	8.68895923427068	2.27577968384835	2.27577968384835	log.n right 1	6.10367091988116	margin	3
dotted	6.13411510471867	8.68895923427068	2.37337976064178	2.37337976064178	log.n right 1	6.13411510471867	margin	3
dotted	6.18389162421	8.68895923427068	2.37337976064178	2.37337976064178	log.n right 1	6.18389162421	margin	3
dotted	6.2115910139049	8.68895923427068	2.37337976064178	2.37337976064178	log.n right 1	6.2115910139049	margin	3
dotted	6.22157138518617	8.68895923427068	2.37337976064178	2.37337976064178	log.n right 1	6.22157138518617	margin	3
dotted	6.22850905843297	8.68895923427068	2.37337976064178	2.37337976064178	log.n right 1	6.22850905843297	margin	3
dotted	6.25543864326934	8.68895923427068	2.37337976064178	2.37337976064178	log.n right 1	6.25543864326934	margin	3
dotted	6.37791427783214	8.68895923427068	2.37337976064178	2.37337976064178	log.n right 1	6.37791427783214	margin	3
dotted	6.47697117945633	8.68895923427068	2.37337976064178	2.37337976064178	log.n right 1	6.47697117945633	margin	3
dotted	6.47927710206761	8.68895923427068	2.37337976064178	2.37337976064178	log.n right 1	6.47927710206761	margin	3
dotted	7.28414964452454	8.68895923427068	2.64893622494239	2.64893622494239	log.n right 1	7.28414964452454	margin	3
dotted	8.26901262111062	8.68895923427068	2.09782329634117	2.09782329634117	log.n right 1	8.26901262111062	margin	3
dotted	8.46907631233046	8.68895923427068	2.09782329634117	2.09782329634117	log.n right 1	8.46907631233046	margin	3
dotted	8.5886706719164	8.68895923427068	2.09782329634117	2.09782329634117	log.n right 1	8.5886706719164	margin	3
dotted	-1.42948215522833	-0.864510435724094	-4.06346888163245	-4.06346888163245	log.rss.1 left -1	-0.864510435724094	margin	4
dotted	-1.42948215522833	-0.568351165309297	-2.93398064780366	-2.93398064780366	log.rss.1 left -1	-0.568351165309297	margin	4
dotted	-1.42948215522833	-0.310772706670649	-2.93398064780366	-2.93398064780366	log.rss.1 left -1	-0.310772706670649	margin	4
dotted	-1.42948215522833	-0.26080414268831	-2.93398064780366	-2.93398064780366	log.rss.1 left -1	-0.26080414268831	margin	4
dotted	-1.42948215522833	-0.242656739092599	-2.38154777630768	-2.38154777630768	log.rss.1 left -1	-0.242656739092599	margin	4
dotted	-1.42948215522833	-0.22102760588812	-2.38154777630768	-2.38154777630768	log.rss.1 left -1	-0.22102760588812	margin	4
dotted	-1.42948215522833	-0.160640579503294	-2.38154777630768	-2.38154777630768	log.rss.1 left -1	-0.160640579503294	margin	4
dotted	-1.42948215522833	-0.0773648509102559	-2.38154777630768	-2.38154777630768	log.rss.1 left -1	-0.0773648509102559	margin	4
dotted	-1.42948215522833	-0.0320181031998384	-2.35402690731345	-2.35402690731345	log.rss.1 left -1	-0.0320181031998384	margin	4
dotted	-1.42948215522833	0.00305861380264272	-2.1906642299195	-2.1906642299195	log.rss.1 left -1	0.00305861380264272	margin	4
dotted	-1.42948215522833	0.0354258401153429	-2.1906642299195	-2.1906642299195	log.rss.1 left -1	0.0354258401153429	margin	4
dotted	-1.42948215522833	0.0518749683550526	-2.1906642299195	-2.1906642299195	log.rss.1 left -1	0.0518749683550526	margin	4
dotted	-1.42948215522833	0.095489915910694	-1.48726828024278	-1.48726828024278	log.rss.1 left -1	0.095489915910694	margin	4
dotted	-1.42948215522833	0.124400082196657	-1.48726828024278	-1.48726828024278	log.rss.1 left -1	0.124400082196657	margin	4
dotted	-1.42948215522833	0.134299591009318	-1.48726828024278	-1.48726828024278	log.rss.1 left -1	0.134299591009318	margin	4
dotted	-1.42948215522833	0.153934295573265	-1.48726828024278	-1.48726828024278	log.rss.1 left -1	0.153934295573265	margin	4
dotted	-1.42948215522833	0.197424740450898	-1.48726828024278	-1.48726828024278	log.rss.1 left -1	0.197424740450898	margin	4
dotted	-1.42948215522833	0.233791508252039	-1.48726828024278	-1.48726828024278	log.rss.1 left -1	0.233791508252039	margin	4
dotted	-1.42948215522833	0.236677082033339	-1.48726828024278	-1.48726828024278	log.rss.1 left -1	0.236677082033339	margin	4
dotted	-1.42948215522833	0.23748721068976	-1.48726828024278	-1.48726828024278	log.rss.1 left -1	0.23748721068976	margin	4
dotted	-1.42948215522833	0.259933441418394	-1.48726828024278	-1.48726828024278	log.rss.1 left -1	0.259933441418394	margin	4
dotted	-1.42948215522833	0.306612636113008	-1.48726828024278	-1.48726828024278	log.rss.1 left -1	0.306612636113008	margin	4
dotted	-1.42948215522833	0.332514961595774	-1.48726828024278	-1.48726828024278	log.rss.1 left -1	0.332514961595774	margin	4
dotted	-1.42948215522833	0.336802195690718	-1.48726828024278	-1.48726828024278	log.rss.1 left -1	0.336802195690718	margin	4
dotted	-1.42948215522833	0.342895162723512	-1.48726828024278	-1.48726828024278	log.rss.1 left -1	0.342895162723512	margin	4
dotted	-1.42948215522833	0.358162365366992	-1.48726828024278	-1.48726828024278	log.rss.1 left -1	0.358162365366992	margin	4
dotted	-1.42948215522833	0.381770269324096	-1.48726828024278	-1.48726828024278	log.rss.1 left -1	0.381770269324096	margin	4
dotted	-1.42948215522833	0.395972236573647	-1.48726828024278	-1.48726828024278	log.rss.1 left -1	0.395972236573647	margin	4
dotted	-1.42948215522833	0.416202572777373	-1.48583733636681	-1.48583733636681	log.rss.1 left -1	0.416202572777373	margin	4
dotted	-1.42948215522833	0.449326948068923	-1.48583733636681	-1.48583733636681	log.rss.1 left -1	0.449326948068923	margin	4
dotted	-1.42948215522833	0.491057608922484	-1.48583733636681	-1.48583733636681	log.rss.1 left -1	0.491057608922484	margin	4
dotted	-1.42948215522833	0.525085231345902	-1.48583733636681	-1.48583733636681	log.rss.1 left -1	0.525085231345902	margin	4
dotted	-1.42948215522833	0.541222387607044	-1.48583733636681	-1.48583733636681	log.rss.1 left -1	0.541222387607044	margin	4
dotted	-1.42948215522833	0.553393315337999	-1.48583733636681	-1.48583733636681	log.rss.1 left -1	0.553393315337999	margin	4
dotted	-1.42948215522833	0.584868326354053	-1.48583733636681	-1.48583733636681	log.rss.1 left -1	0.584868326354053	margin	4
dotted	-1.42948215522833	0.638334690748531	-1.48583733636681	-1.48583733636681	log.rss.1 left -1	0.638334690748531	margin	4
dotted	-1.42948215522833	0.673919562964832	-1.48583733636681	-1.48583733636681	log.rss.1 left -1	0.673919562964832	margin	4
dotted	-1.42948215522833	0.713469572855734	-1.48583733636681	-1.48583733636681	log.rss.1 left -1	0.713469572855734	margin	4
dotted	-1.42948215522833	0.753387920730107	-1.48583733636681	-1.48583733636681	log.rss.1 left -1	0.753387920730107	margin	4
dotted	-1.42948215522833	0.763420683109153	-1.15796401283159	-1.15796401283159	log.rss.1 left -1	0.763420683109153	margin	4
dotted	-1.42948215522833	0.783811901687569	-1.15796401283159	-1.15796401283159	log.rss.1 left -1	0.783811901687569	margin	4
dotted	-1.42948215522833	0.819172930411671	-1.0771906617467	-1.0771906617467	log.rss.1 left -1	0.819172930411671	margin	4
dotted	-1.42948215522833	0.83584382359119	-1.0771906617467	-1.0771906617467	log.rss.1 left -1	0.83584382359119	margin	4
dotted	-1.42948215522833	0.840518096302218	-1.05602479310582	-1.05602479310582	log.rss.1 left -1	0.840518096302218	margin	4
dotted	-1.42948215522833	0.853665486942916	-1.05602479310582	-1.05602479310582	log.rss.1 left -1	0.853665486942916	margin	4
dotted	-1.42948215522833	0.864083739828093	-1.05602479310582	-1.05602479310582	log.rss.1 left -1	0.864083739828093	margin	4
dotted	-1.42948215522833	0.877004839322216	-1.05602479310582	-1.05602479310582	log.rss.1 left -1	0.877004839322216	margin	4
dotted	-1.42948215522833	0.89848605219098	-1.05602479310582	-1.05602479310582	log.rss.1 left -1	0.89848605219098	margin	4
dotted	-1.42948215522833	0.922661060535975	-1.05602479310582	-1.05602479310582	log.rss.1 left -1	0.922661060535975	margin	4
dotted	-1.42948215522833	0.944595975851018	-0.963079453544743	-0.963079453544743	log.rss.1 left -1	0.944595975851018	margin	4
dotted	-1.42948215522833	0.965343246913308	-0.963079453544743	-0.963079453544743	log.rss.1 left -1	0.965343246913308	margin	4
dotted	-1.42948215522833	0.983109847426558	-0.963079453544743	-0.963079453544743	log.rss.1 left -1	0.983109847426558	margin	4
dotted	-1.42948215522833	0.999505143331677	-0.963079453544743	-0.963079453544743	log.rss.1 left -1	0.999505143331677	margin	4
dotted	-1.42948215522833	1.01472761966077	-0.963079453544743	-0.963079453544743	log.rss.1 left -1	1.01472761966077	margin	4
dotted	-1.42948215522833	1.02733435451781	-0.963079453544743	-0.963079453544743	log.rss.1 left -1	1.02733435451781	margin	4
dotted	-1.42948215522833	1.07764893691992	-0.963079453544743	-0.963079453544743	log.rss.1 left -1	1.07764893691992	margin	4
dotted	-1.42948215522833	1.12394491799335	-0.923701969432793	-0.923701969432793	log.rss.1 left -1	1.12394491799335	margin	4
dotted	-1.42948215522833	1.16218489459145	-0.431358956472729	-0.431358956472729	log.rss.1 left -1	1.16218489459145	margin	4
dotted	-1.42948215522833	1.22560867449041	-0.431358956472729	-0.431358956472729	log.rss.1 left -1	1.22560867449041	margin	4
dotted	-1.42948215522833	1.25919272301296	-0.431358956472729	-0.431358956472729	log.rss.1 left -1	1.25919272301296	margin	4
dotted	-1.42948215522833	1.26402266525632	-0.452755102169055	-0.452755102169055	log.rss.1 left -1	1.26402266525632	margin	4
dotted	-1.42948215522833	1.27018313246983	-0.452755102169055	-0.452755102169055	log.rss.1 left -1	1.27018313246983	margin	4
dotted	-1.42948215522833	1.2860477241317	-0.844238442257946	-0.844238442257946	log.rss.1 left -1	1.2860477241317	margin	4
dotted	-1.42948215522833	1.29838853702448	-0.674111937015837	-0.674111937015837	log.rss.1 left -1	1.29838853702448	margin	4
dotted	-1.42948215522833	1.3113819455507	-0.674111937015837	-0.674111937015837	log.rss.1 left -1	1.3113819455507	margin	4
dotted	-1.42948215522833	1.34196682754856	-0.446248830985193	-0.446248830985193	log.rss.1 left -1	1.34196682754856	margin	4
dotted	-1.42948215522833	1.37572468323001	-0.446248830985193	-0.446248830985193	log.rss.1 left -1	1.37572468323001	margin	4
dotted	-1.42948215522833	1.39383554618389	-0.316417380150757	-0.316417380150757	log.rss.1 left -1	1.39383554618389	margin	4
dotted	-1.42948215522833	1.39659344311974	-0.316417380150757	-0.316417380150757	log.rss.1 left -1	1.39659344311974	margin	4
dotted	-1.42948215522833	1.40241813630432	-0.316417380150757	-0.316417380150757	log.rss.1 left -1	1.40241813630432	margin	4
dotted	-1.42948215522833	1.40992998436317	-0.316417380150757	-0.316417380150757	log.rss.1 left -1	1.40992998436317	margin	4
dotted	-1.42948215522833	1.43217550207157	-0.316417380150757	-0.316417380150757	log.rss.1 left -1	1.43217550207157	margin	4
dotted	-1.42948215522833	1.52214537541918	-0.387841300539221	-0.387841300539221	log.rss.1 left -1	1.52214537541918	margin	4
dotted	-1.42948215522833	1.6022403192008	-0.387841300539221	-0.387841300539221	log.rss.1 left -1	1.6022403192008	margin	4
dotted	-1.42948215522833	1.61980779222736	-0.387841300539221	-0.387841300539221	log.rss.1 left -1	1.61980779222736	margin	4
dotted	-1.42948215522833	1.64971459107854	-0.387841300539221	-0.387841300539221	log.rss.1 left -1	1.64971459107854	margin	4
dotted	-1.42948215522833	1.69738040174995	-0.387841300539221	-0.387841300539221	log.rss.1 left -1	1.69738040174995	margin	4
dotted	-1.42948215522833	1.74375397670084	-0.316417380150757	-0.316417380150757	log.rss.1 left -1	1.74375397670084	margin	4
dotted	-1.42948215522833	1.77013391783256	-0.316417380150757	-0.316417380150757	log.rss.1 left -1	1.77013391783256	margin	4
dotted	-1.42948215522833	1.81917347873603	-0.316417380150757	-0.316417380150757	log.rss.1 left -1	1.81917347873603	margin	4
dotted	-1.42948215522833	1.86875958483129	-0.256427667604389	-0.256427667604389	log.rss.1 left -1	1.86875958483129	margin	4
dotted	-1.42948215522833	1.90034426559358	-0.256427667604389	-0.256427667604389	log.rss.1 left -1	1.90034426559358	margin	4
dotted	-1.42948215522833	1.93256546555622	-0.245738182115472	-0.245738182115472	log.rss.1 left -1	1.93256546555622	margin	4
dotted	-1.42948215522833	1.97290684184435	-0.245738182115472	-0.245738182115472	log.rss.1 left -1	1.97290684184435	margin	4
dotted	-1.42948215522833	2.03514838689041	-0.195499260557359	-0.195499260557359	log.rss.1 left -1	2.03514838689041	margin	4
dotted	-1.42948215522833	2.10740482036071	-0.245738182115472	-0.245738182115472	log.rss.1 left -1	2.10740482036071	margin	4
dotted	-1.42948215522833	2.18984547010235	-0.245738182115472	-0.245738182115472	log.rss.1 left -1	2.18984547010235	margin	4
dotted	-1.42948215522833	2.31715982836332	-0.245738182115472	-0.245738182115472	log.rss.1 left -1	2.31715982836332	margin	4
dotted	-1.42948215522833	2.48228983755051	-0.195499260557359	-0.195499260557359	log.rss.1 left -1	2.48228983755051	margin	4
dotted	-1.42948215522833	2.63351466975524	-0.195499260557359	-0.195499260557359	log.rss.1 left -1	2.63351466975524	margin	4
dotted	-1.42948215522833	2.73793444722927	-0.195499260557359	-0.195499260557359	log.rss.1 left -1	2.73793444722927	margin	4
dotted	-1.42948215522833	2.77427452655245	-0.11466336203393	-0.11466336203393	log.rss.1 left -1	2.77427452655245	margin	4
dotted	-1.42948215522833	3.27503268532974	-0.11466336203393	-0.11466336203393	log.rss.1 left -1	3.27503268532974	margin	4
dotted	-1.42948215522833	4.365008016314	-0.11466336203393	-0.11466336203393	log.rss.1 left -1	4.365008016314	margin	4
dotted	-1.42948215522833	5.07454039068833	-0.11466336203393	-0.11466336203393	log.rss.1 left -1	5.07454039068833	margin	4
dotted	-1.42948215522833	5.24181822850971	-0.0745565562983179	-0.0745565562983179	log.rss.1 left -1	5.24181822850971	margin	4
dotted	-1.42948215522833	5.29805192251759	-0.0531604106019917	-0.0531604106019917	log.rss.1 left -1	5.29805192251759	margin	4
dotted	-1.42948215522833	5.39727452398341	-0.00261018576893307	-0.00261018576893307	log.rss.1 left -1	5.39727452398341	margin	4
dotted	-1.42948215522833	5.54417685572189	0.0618046851356349	0.0618046851356349	log.rss.1 left -1	5.54417685572189	margin	4
dotted	-0.864510435724094	7.23305799626863	0.0618046851356349	0.0618046851356349	log.rss.1 right -1	-0.864510435724094	margin	4
dotted	-0.568351165309297	7.23305799626863	0.0618046851356349	0.0618046851356349	log.rss.1 right -1	-0.568351165309297	margin	4
dotted	-0.310772706670649	7.23305799626863	0.0618046851356349	0.0618046851356349	log.rss.1 right -1	-0.310772706670649	margin	4
dotted	-0.26080414268831	7.23305799626863	0.0618046851356349	0.0618046851356349	log.rss.1 right -1	-0.26080414268831	margin	4
dotted	-0.242656739092599	7.23305799626863	0.0618046851356349	0.0618046851356349	log.rss.1 right -1	-0.242656739092599	margin	4
dotted	-0.22102760588812	7.23305799626863	0.0618046851356349	0.0618046851356349	log.rss.1 right -1	-0.22102760588812	margin	4
dotted	-0.160640579503294	7.23305799626863	0.0618046851356349	0.0618046851356349	log.rss.1 right -1	-0.160640579503294	margin	4
dotted	-0.0773648509102559	7.23305799626863	0.0618046851356349	0.0618046851356349	log.rss.1 right -1	-0.0773648509102559	margin	4
dotted	-0.0320181031998384	7.23305799626863	0.0618046851356349	0.0618046851356349	log.rss.1 right -1	-0.0320181031998384	margin	4
dotted	0.00305861380264272	7.23305799626863	0.0618046851356349	0.0618046851356349	log.rss.1 right -1	0.00305861380264272	margin	4
dotted	0.0354258401153429	7.23305799626863	0.0618046851356349	0.0618046851356349	log.rss.1 right -1	0.0354258401153429	margin	4
dotted	0.0518749683550526	7.23305799626863	0.0618046851356349	0.0618046851356349	log.rss.1 right -1	0.0518749683550526	margin	4
dotted	0.095489915910694	7.23305799626863	0.0618046851356349	0.0618046851356349	log.rss.1 right -1	0.095489915910694	margin	4
dotted	0.124400082196657	7.23305799626863	0.0618046851356349	0.0618046851356349	log.rss.1 right -1	0.124400082196657	margin	4
dotted	0.134299591009318	7.23305799626863	0.0618046851356349	0.0618046851356349	log.rss.1 right -1	0.134299591009318	margin	4
dotted	0.153934295573265	7.23305799626863	0.0618046851356349	0.0618046851356349	log.rss.1 right -1	0.153934295573265	margin	4
dotted	0.197424740450898	7.23305799626863	0.0618046851356349	0.0618046851356349	log.rss.1 right -1	0.197424740450898	margin	4
dotted	0.233791508252039	7.23305799626863	0.0618046851356349	0.0618046851356349	log.rss.1 right -1	0.233791508252039	margin	4
dotted	0.236677082033339	7.23305799626863	0.0618046851356349	0.0618046851356349	log.rss.1 right -1	0.236677082033339	margin	4
dotted	0.23748721068976	7.23305799626863	0.0618046851356349	0.0618046851356349	log.rss.1 right -1	0.23748721068976	margin	4
dotted	0.259933441418394	7.23305799626863	0.0618046851356349	0.0618046851356349	log.rss.1 right -1	0.259933441418394	margin	4
dotted	0.306612636113008	7.23305799626863	0.0618046851356349	0.0618046851356349	log.rss.1 right -1	0.306612636113008	margin	4
dotted	0.332514961595774	7.23305799626863	0.0618046851356349	0.0618046851356349	log.rss.1 right -1	0.332514961595774	margin	4
dotted	0.336802195690718	7.23305799626863	0.0618046851356349	0.0618046851356349	log.rss.1 right -1	0.336802195690718	margin	4
dotted	0.342895162723512	7.23305799626863	0.0618046851356349	0.0618046851356349	log.rss.1 right -1	0.342895162723512	margin	4
dotted	0.358162365366992	7.23305799626863	0.0618046851356349	0.0618046851356349	log.rss.1 right -1	0.358162365366992	margin	4
dotted	0.381770269324096	7.23305799626863	0.0618046851356349	0.0618046851356349	log.rss.1 right -1	0.381770269324096	margin	4
dotted	0.395972236573647	7.23305799626863	0.0618046851356349	0.0618046851356349	log.rss.1 right -1	0.395972236573647	margin	4
dotted	0.416202572777373	7.23305799626863	0.0618046851356349	0.0618046851356349	log.rss.1 right -1	0.416202572777373	margin	4
dotted	0.449326948068923	7.23305799626863	0.0618046851356349	0.0618046851356349	log.rss.1 right -1	0.449326948068923	margin	4
dotted	0.491057608922484	7.23305799626863	0.0618046851356349	0.0618046851356349	log.rss.1 right -1	0.491057608922484	margin	4
dotted	0.525085231345902	7.23305799626863	0.0618046851356349	0.0618046851356349	log.rss.1 right -1	0.525085231345902	margin	4
dotted	0.541222387607044	7.23305799626863	0.0618046851356349	0.0618046851356349	log.rss.1 right -1	0.541222387607044	margin	4
dotted	0.553393315337999	7.23305799626863	0.0618046851356349	0.0618046851356349	log.rss.1 right -1	0.553393315337999	margin	4
dotted	0.584868326354053	7.23305799626863	0.0618046851356349	0.0618046851356349	log.rss.1 right -1	0.584868326354053	margin	4
dotted	0.638334690748531	7.23305799626863	0.0618046851356349	0.0618046851356349	log.rss.1 right -1	0.638334690748531	margin	4
dotted	0.673919562964832	7.23305799626863	0.0618046851356349	0.0618046851356349	log.rss.1 right -1	0.673919562964832	margin	4
dotted	0.713469572855734	7.23305799626863	0.0618046851356349	0.0618046851356349	log.rss.1 right -1	0.713469572855734	margin	4
dotted	0.753387920730107	7.23305799626863	0.0618046851356349	0.0618046851356349	log.rss.1 right -1	0.753387920730107	margin	4
dotted	0.763420683109153	7.23305799626863	0.116143777886932	0.116143777886932	log.rss.1 right -1	0.763420683109153	margin	4
dotted	0.783811901687569	7.23305799626863	0.116143777886932	0.116143777886932	log.rss.1 right -1	0.783811901687569	margin	4
dotted	0.819172930411671	7.23305799626863	0.116143777886932	0.116143777886932	log.rss.1 right -1	0.819172930411671	margin	4
dotted	0.83584382359119	7.23305799626863	0.116143777886932	0.116143777886932	log.rss.1 right -1	0.83584382359119	margin	4
dotted	0.840518096302218	7.23305799626863	0.116143777886932	0.116143777886932	log.rss.1 right -1	0.840518096302218	margin	4
dotted	0.853665486942916	7.23305799626863	0.116143777886932	0.116143777886932	log.rss.1 right -1	0.853665486942916	margin	4
dotted	0.864083739828093	7.23305799626863	0.116143777886932	0.116143777886932	log.rss.1 right -1	0.864083739828093	margin	4
dotted	0.877004839322216	7.23305799626863	0.116143777886932	0.116143777886932	log.rss.1 right -1	0.877004839322216	margin	4
dotted	0.89848605219098	7.23305799626863	0.116143777886932	0.116143777886932	log.rss.1 right -1	0.89848605219098	margin	4
dotted	0.922661060535975	7.23305799626863	0.116143777886932	0.116143777886932	log.rss.1 right -1	0.922661060535975	margin	4
dotted	0.944595975851018	7.23305799626863	0.116143777886932	0.116143777886932	log.rss.1 right -1	0.944595975851018	margin	4
dotted	0.965343246913308	7.23305799626863	0.116143777886932	0.116143777886932	log.rss.1 right -1	0.965343246913308	margin	4
dotted	0.983109847426558	7.23305799626863	0.116143777886932	0.116143777886932	log.rss.1 right -1	0.983109847426558	margin	4
dotted	0.999505143331677	7.23305799626863	0.116143777886932	0.116143777886932	log.rss.1 right -1	0.999505143331677	margin	4
dotted	1.01472761966077	7.23305799626863	0.116143777886932	0.116143777886932	log.rss.1 right -1	1.01472761966077	margin	4
dotted	1.02733435451781	7.23305799626863	0.116143777886932	0.116143777886932	log.rss.1 right -1	1.02733435451781	margin	4
dotted	1.07764893691992	7.23305799626863	0.116143777886932	0.116143777886932	log.rss.1 right -1	1.07764893691992	margin	4
dotted	1.12394491799335	7.23305799626863	0.116143777886932	0.116143777886932	log.rss.1 right -1	1.12394491799335	margin	4
dotted	1.16218489459145	7.23305799626863	0.116143777886932	0.116143777886932	log.rss.1 right -1	1.16218489459145	margin	4
dotted	1.22560867449041	7.23305799626863	0.116143777886932	0.116143777886932	log.rss.1 right -1	1.22560867449041	margin	4
dotted	1.25919272301296	7.23305799626863	0.116143777886932	0.116143777886932	log.rss.1 right -1	1.25919272301296	margin	4
dotted	1.26402266525632	7.23305799626863	0.165906044690278	0.165906044690278	log.rss.1 right -1	1.26402266525632	margin	4
dotted	1.27018313246983	7.23305799626863	0.165906044690278	0.165906044690278	log.rss.1 right -1	1.27018313246983	margin	4
dotted	1.2860477241317	7.23305799626863	0.265917097119998	0.265917097119998	log.rss.1 right -1	1.2860477241317	margin	4
dotted	1.29838853702448	7.23305799626863	0.265917097119998	0.265917097119998	log.rss.1 right -1	1.29838853702448	margin	4
dotted	1.3113819455507	7.23305799626863	0.480272615623581	0.480272615623581	log.rss.1 right -1	1.3113819455507	margin	4
dotted	1.34196682754856	7.23305799626863	0.480272615623581	0.480272615623581	log.rss.1 right -1	1.34196682754856	margin	4
dotted	1.37572468323001	7.23305799626863	0.480272615623581	0.480272615623581	log.rss.1 right -1	1.37572468323001	margin	4
dotted	1.39383554618389	7.23305799626863	0.480272615623581	0.480272615623581	log.rss.1 right -1	1.39383554618389	margin	4
dotted	1.39659344311974	7.23305799626863	0.480272615623581	0.480272615623581	log.rss.1 right -1	1.39659344311974	margin	4
dotted	1.40241813630432	7.23305799626863	0.480272615623581	0.480272615623581	log.rss.1 right -1	1.40241813630432	margin	4
dotted	1.40992998436317	7.23305799626863	0.480272615623581	0.480272615623581	log.rss.1 right -1	1.40992998436317	margin	4
dotted	1.43217550207157	7.23305799626863	0.480272615623581	0.480272615623581	log.rss.1 right -1	1.43217550207157	margin	4
dotted	1.52214537541918	7.23305799626863	0.624981025737271	0.624981025737271	log.rss.1 right -1	1.52214537541918	margin	4
dotted	1.6022403192008	7.23305799626863	0.624981025737271	0.624981025737271	log.rss.1 right -1	1.6022403192008	margin	4
dotted	1.61980779222736	7.23305799626863	0.711323739137665	0.711323739137665	log.rss.1 right -1	1.61980779222736	margin	4
dotted	1.64971459107854	7.23305799626863	0.711323739137665	0.711323739137665	log.rss.1 right -1	1.64971459107854	margin	4
dotted	1.69738040174995	7.23305799626863	0.917027936609908	0.917027936609908	log.rss.1 right -1	1.69738040174995	margin	4
dotted	1.74375397670084	7.23305799626863	0.917027936609908	0.917027936609908	log.rss.1 right -1	1.74375397670084	margin	4
dotted	1.77013391783256	7.23305799626863	0.917027936609908	0.917027936609908	log.rss.1 right -1	1.77013391783256	margin	4
dotted	1.81917347873603	7.23305799626863	0.917027936609908	0.917027936609908	log.rss.1 right -1	1.81917347873603	margin	4
dotted	1.86875958483129	7.23305799626863	0.917027936609908	0.917027936609908	log.rss.1 right -1	1.86875958483129	margin	4
dotted	1.90034426559358	7.23305799626863	1.05049038750799	1.05049038750799	log.rss.1 right -1	1.90034426559358	margin	4
dotted	1.93256546555622	7.23305799626863	1.05049038750799	1.05049038750799	log.rss.1 right -1	1.93256546555622	margin	4
dotted	1.97290684184435	7.23305799626863	1.05049038750799	1.05049038750799	log.rss.1 right -1	1.97290684184435	margin	4
dotted	2.03514838689041	7.23305799626863	1.05049038750799	1.05049038750799	log.rss.1 right -1	2.03514838689041	margin	4
dotted	2.10740482036071	7.23305799626863	1.08093585685601	1.08093585685601	log.rss.1 right -1	2.10740482036071	margin	4
dotted	2.18984547010235	7.23305799626863	1.22252242996446	1.22252242996446	log.rss.1 right -1	2.18984547010235	margin	4
dotted	2.31715982836332	7.23305799626863	1.40047881747164	1.40047881747164	log.rss.1 right -1	2.31715982836332	margin	4
dotted	2.48228983755051	7.23305799626863	1.40047881747164	1.40047881747164	log.rss.1 right -1	2.48228983755051	margin	4
dotted	2.63351466975524	7.23305799626863	1.40047881747164	1.40047881747164	log.rss.1 right -1	2.63351466975524	margin	4
dotted	2.73793444722927	7.23305799626863	1.55133614814896	1.55133614814896	log.rss.1 right -1	2.73793444722927	margin	4
dotted	2.77427452655245	7.23305799626863	1.55133614814896	1.55133614814896	log.rss.1 right -1	2.77427452655245	margin	4
dotted	3.27503268532974	7.23305799626863	2.17907435645135	2.17907435645135	log.rss.1 right -1	3.27503268532974	margin	4
dotted	4.365008016314	7.23305799626863	2.44765043787539	2.44765043787539	log.rss.1 right -1	4.365008016314	margin	4
dotted	5.07454039068833	7.23305799626863	1.64893622494239	1.64893622494239	log.rss.1 right -1	5.07454039068833	margin	4
dotted	5.24181822850971	7.23305799626863	1.09782329634117	1.09782329634117	log.rss.1 right -1	5.24181822850971	margin	4
dotted	5.29805192251759	7.23305799626863	1.06404841737084	1.06404841737084	log.rss.1 right -1	5.29805192251759	margin	4
dotted	5.39727452398341	7.23305799626863	1.06404841737084	1.06404841737084	log.rss.1 right -1	5.39727452398341	margin	4
dotted	5.54417685572189	7.23305799626863	-0.261503151052825	-0.261503151052825	log.rss.1 right -1	5.54417685572189	margin	4
solid	-1.42948215522833	-0.864510435724094	-3.56346888163245	-3.56346888163245	log.rss.1 left 0	-0.864510435724094	prediction	4
solid	-1.42948215522833	-0.568351165309297	-2.43398064780366	-2.43398064780366	log.rss.1 left 0	-0.568351165309297	prediction	4
solid	-1.42948215522833	-0.310772706670649	-2.43398064780366	-2.43398064780366	log.rss.1 left 0	-0.310772706670649	prediction	4
solid	-1.42948215522833	-0.26080414268831	-2.43398064780366	-2.43398064780366	log.rss.1 left 0	-0.26080414268831	prediction	4
solid	-1.42948215522833	-0.242656739092599	-1.88154777630768	-1.88154777630768	log.rss.1 left 0	-0.242656739092599	prediction	4
solid	-1.42948215522833	-0.22102760588812	-1.88154777630768	-1.88154777630768	log.rss.1 left 0	-0.22102760588812	prediction	4
solid	-1.42948215522833	-0.160640579503294	-1.88154777630768	-1.88154777630768	log.rss.1 left 0	-0.160640579503294	prediction	4
solid	-1.42948215522833	-0.0773648509102559	-1.88154777630768	-1.88154777630768	log.rss.1 left 0	-0.0773648509102559	prediction	4
solid	-1.42948215522833	-0.0320181031998384	-1.85402690731345	-1.85402690731345	log.rss.1 left 0	-0.0320181031998384	prediction	4
solid	-1.42948215522833	0.00305861380264272	-1.6906642299195	-1.6906642299195	log.rss.1 left 0	0.00305861380264272	prediction	4
solid	-1.42948215522833	0.0354258401153429	-1.6906642299195	-1.6906642299195	log.rss.1 left 0	0.0354258401153429	prediction	4
solid	-1.42948215522833	0.0518749683550526	-1.6906642299195	-1.6906642299195	log.rss.1 left 0	0.0518749683550526	prediction	4
solid	-1.42948215522833	0.095489915910694	-0.987268280242779	-0.987268280242779	log.rss.1 left 0	0.095489915910694	prediction	4
solid	-1.42948215522833	0.124400082196657	-0.987268280242779	-0.987268280242779	log.rss.1 left 0	0.124400082196657	prediction	4
solid	-1.42948215522833	0.134299591009318	-0.987268280242779	-0.987268280242779	log.rss.1 left 0	0.134299591009318	prediction	4
solid	-1.42948215522833	0.153934295573265	-0.987268280242779	-0.987268280242779	log.rss.1 left 0	0.153934295573265	prediction	4
solid	-1.42948215522833	0.197424740450898	-0.987268280242779	-0.987268280242779	log.rss.1 left 0	0.197424740450898	prediction	4
solid	-1.42948215522833	0.233791508252039	-0.987268280242779	-0.987268280242779	log.rss.1 left 0	0.233791508252039	prediction	4
solid	-1.42948215522833	0.236677082033339	-0.987268280242779	-0.987268280242779	log.rss.1 left 0	0.236677082033339	prediction	4
solid	-1.42948215522833	0.23748721068976	-0.987268280242779	-0.987268280242779	log.rss.1 left 0	0.23748721068976	prediction	4
solid	-1.42948215522833	0.259933441418394	-0.987268280242779	-0.987268280242779	log.rss.1 left 0	0.259933441418394	prediction	4
solid	-1.42948215522833	0.306612636113008	-0.987268280242779	-0.987268280242779	log.rss.1 left 0	0.306612636113008	prediction	4
solid	-1.42948215522833	0.332514961595774	-0.987268280242779	-0.987268280242779	log.rss.1 left 0	0.332514961595774	prediction	4
solid	-1.42948215522833	0.336802195690718	-0.987268280242779	-0.987268280242779	log.rss.1 left 0	0.336802195690718	prediction	4
solid	-1.42948215522833	0.342895162723512	-0.987268280242779	-0.987268280242779	log.rss.1 left 0	0.342895162723512	prediction	4
solid	-1.42948215522833	0.358162365366992	-0.987268280242779	-0.987268280242779	log.rss.1 left 0	0.358162365366992	prediction	4
solid	-1.42948215522833	0.381770269324096	-0.987268280242779	-0.987268280242779	log.rss.1 left 0	0.381770269324096	prediction	4
solid	-1.42948215522833	0.395972236573647	-0.987268280242779	-0.987268280242779	log.rss.1 left 0	0.395972236573647	prediction	4
solid	-1.42948215522833	0.416202572777373	-0.985837336366813	-0.985837336366813	log.rss.1 left 0	0.416202572777373	prediction	4
solid	-1.42948215522833	0.449326948068923	-0.985837336366813	-0.985837336366813	log.rss.1 left 0	0.449326948068923	prediction	4
solid	-1.42948215522833	0.491057608922484	-0.985837336366813	-0.985837336366813	log.rss.1 left 0	0.491057608922484	prediction	4
solid	-1.42948215522833	0.525085231345902	-0.985837336366813	-0.985837336366813	log.rss.1 left 0	0.525085231345902	prediction	4
solid	-1.42948215522833	0.541222387607044	-0.985837336366813	-0.985837336366813	log.rss.1 left 0	0.541222387607044	prediction	4
solid	-1.42948215522833	0.553393315337999	-0.985837336366813	-0.985837336366813	log.rss.1 left 0	0.553393315337999	prediction	4
solid	-1.42948215522833	0.584868326354053	-0.985837336366813	-0.985837336366813	log.rss.1 left 0	0.584868326354053	prediction	4
solid	-1.42948215522833	0.638334690748531	-0.985837336366813	-0.985837336366813	log.rss.1 left 0	0.638334690748531	prediction	4
solid	-1.42948215522833	0.673919562964832	-0.985837336366813	-0.985837336366813	log.rss.1 left 0	0.673919562964832	prediction	4
solid	-1.42948215522833	0.713469572855734	-0.985837336366813	-0.985837336366813	log.rss.1 left 0	0.713469572855734	prediction	4
solid	-1.42948215522833	0.753387920730107	-0.985837336366813	-0.985837336366813	log.rss.1 left 0	0.753387920730107	prediction	4
solid	-1.42948215522833	0.763420683109153	-0.657964012831585	-0.657964012831585	log.rss.1 left 0	0.763420683109153	prediction	4
solid	-1.42948215522833	0.783811901687569	-0.657964012831585	-0.657964012831585	log.rss.1 left 0	0.783811901687569	prediction	4
solid	-1.42948215522833	0.819172930411671	-0.577190661746695	-0.577190661746695	log.rss.1 left 0	0.819172930411671	prediction	4
solid	-1.42948215522833	0.83584382359119	-0.577190661746695	-0.577190661746695	log.rss.1 left 0	0.83584382359119	prediction	4
solid	-1.42948215522833	0.840518096302218	-0.556024793105815	-0.556024793105815	log.rss.1 left 0	0.840518096302218	prediction	4
solid	-1.42948215522833	0.853665486942916	-0.556024793105815	-0.556024793105815	log.rss.1 left 0	0.853665486942916	prediction	4
solid	-1.42948215522833	0.864083739828093	-0.556024793105815	-0.556024793105815	log.rss.1 left 0	0.864083739828093	prediction	4
solid	-1.42948215522833	0.877004839322216	-0.556024793105815	-0.556024793105815	log.rss.1 left 0	0.877004839322216	prediction	4
solid	-1.42948215522833	0.89848605219098	-0.556024793105815	-0.556024793105815	log.rss.1 left 0	0.89848605219098	prediction	4
solid	-1.42948215522833	0.922661060535975	-0.556024793105815	-0.556024793105815	log.rss.1 left 0	0.922661060535975	prediction	4
solid	-1.42948215522833	0.944595975851018	-0.463079453544743	-0.463079453544743	log.rss.1 left 0	0.944595975851018	prediction	4
solid	-1.42948215522833	0.965343246913308	-0.463079453544743	-0.463079453544743	log.rss.1 left 0	0.965343246913308	prediction	4
solid	-1.42948215522833	0.983109847426558	-0.463079453544743	-0.463079453544743	log.rss.1 left 0	0.983109847426558	prediction	4
solid	-1.42948215522833	0.999505143331677	-0.463079453544743	-0.463079453544743	log.rss.1 left 0	0.999505143331677	prediction	4
solid	-1.42948215522833	1.01472761966077	-0.463079453544743	-0.463079453544743	log.rss.1 left 0	1.01472761966077	prediction	4
solid	-1.42948215522833	1.02733435451781	-0.463079453544743	-0.463079453544743	log.rss.1 left 0	1.02733435451781	prediction	4
solid	-1.42948215522833	1.07764893691992	-0.463079453544743	-0.463079453544743	log.rss.1 left 0	1.07764893691992	prediction	4
solid	-1.42948215522833	1.12394491799335	-0.423701969432793	-0.423701969432793	log.rss.1 left 0	1.12394491799335	prediction	4
solid	-1.42948215522833	1.16218489459145	0.0686410435272709	0.0686410435272709	log.rss.1 left 0	1.16218489459145	prediction	4
solid	-1.42948215522833	1.22560867449041	0.0686410435272709	0.0686410435272709	log.rss.1 left 0	1.22560867449041	prediction	4
solid	-1.42948215522833	1.25919272301296	0.0686410435272709	0.0686410435272709	log.rss.1 left 0	1.25919272301296	prediction	4
solid	-1.42948215522833	1.26402266525632	0.0472448978309447	0.0472448978309447	log.rss.1 left 0	1.26402266525632	prediction	4
solid	-1.42948215522833	1.27018313246983	0.0472448978309447	0.0472448978309447	log.rss.1 left 0	1.27018313246983	prediction	4
solid	-1.42948215522833	1.2860477241317	-0.344238442257946	-0.344238442257946	log.rss.1 left 0	1.2860477241317	prediction	4
solid	-1.42948215522833	1.29838853702448	-0.174111937015837	-0.174111937015837	log.rss.1 left 0	1.29838853702448	prediction	4
solid	-1.42948215522833	1.3113819455507	-0.174111937015837	-0.174111937015837	log.rss.1 left 0	1.3113819455507	prediction	4
solid	-1.42948215522833	1.34196682754856	0.0537511690148074	0.0537511690148074	log.rss.1 left 0	1.34196682754856	prediction	4
solid	-1.42948215522833	1.37572468323001	0.0537511690148074	0.0537511690148074	log.rss.1 left 0	1.37572468323001	prediction	4
solid	-1.42948215522833	1.39383554618389	0.183582619849243	0.183582619849243	log.rss.1 left 0	1.39383554618389	prediction	4
solid	-1.42948215522833	1.39659344311974	0.183582619849243	0.183582619849243	log.rss.1 left 0	1.39659344311974	prediction	4
solid	-1.42948215522833	1.40241813630432	0.183582619849243	0.183582619849243	log.rss.1 left 0	1.40241813630432	prediction	4
solid	-1.42948215522833	1.40992998436317	0.183582619849243	0.183582619849243	log.rss.1 left 0	1.40992998436317	prediction	4
solid	-1.42948215522833	1.43217550207157	0.183582619849243	0.183582619849243	log.rss.1 left 0	1.43217550207157	prediction	4
solid	-1.42948215522833	1.52214537541918	0.112158699460779	0.112158699460779	log.rss.1 left 0	1.52214537541918	prediction	4
solid	-1.42948215522833	1.6022403192008	0.112158699460779	0.112158699460779	log.rss.1 left 0	1.6022403192008	prediction	4
solid	-1.42948215522833	1.61980779222736	0.112158699460779	0.112158699460779	log.rss.1 left 0	1.61980779222736	prediction	4
solid	-1.42948215522833	1.64971459107854	0.112158699460779	0.112158699460779	log.rss.1 left 0	1.64971459107854	prediction	4
solid	-1.42948215522833	1.69738040174995	0.112158699460779	0.112158699460779	log.rss.1 left 0	1.69738040174995	prediction	4
solid	-1.42948215522833	1.74375397670084	0.183582619849243	0.183582619849243	log.rss.1 left 0	1.74375397670084	prediction	4
solid	-1.42948215522833	1.77013391783256	0.183582619849243	0.183582619849243	log.rss.1 left 0	1.77013391783256	prediction	4
solid	-1.42948215522833	1.81917347873603	0.183582619849243	0.183582619849243	log.rss.1 left 0	1.81917347873603	prediction	4
solid	-1.42948215522833	1.86875958483129	0.243572332395611	0.243572332395611	log.rss.1 left 0	1.86875958483129	prediction	4
solid	-1.42948215522833	1.90034426559358	0.243572332395611	0.243572332395611	log.rss.1 left 0	1.90034426559358	prediction	4
solid	-1.42948215522833	1.93256546555622	0.254261817884528	0.254261817884528	log.rss.1 left 0	1.93256546555622	prediction	4
solid	-1.42948215522833	1.97290684184435	0.254261817884528	0.254261817884528	log.rss.1 left 0	1.97290684184435	prediction	4
solid	-1.42948215522833	2.03514838689041	0.304500739442641	0.304500739442641	log.rss.1 left 0	2.03514838689041	prediction	4
solid	-1.42948215522833	2.10740482036071	0.254261817884528	0.254261817884528	log.rss.1 left 0	2.10740482036071	prediction	4
solid	-1.42948215522833	2.18984547010235	0.254261817884528	0.254261817884528	log.rss.1 left 0	2.18984547010235	prediction	4
solid	-1.42948215522833	2.31715982836332	0.254261817884528	0.254261817884528	log.rss.1 left 0	2.31715982836332	prediction	4
solid	-1.42948215522833	2.48228983755051	0.304500739442641	0.304500739442641	log.rss.1 left 0	2.48228983755051	prediction	4
solid	-1.42948215522833	2.63351466975524	0.304500739442641	0.304500739442641	log.rss.1 left 0	2.63351466975524	prediction	4
solid	-1.42948215522833	2.73793444722927	0.304500739442641	0.304500739442641	log.rss.1 left 0	2.73793444722927	prediction	4
solid	-1.42948215522833	2.77427452655245	0.38533663796607	0.38533663796607	log.rss.1 left 0	2.77427452655245	prediction	4
solid	-1.42948215522833	3.27503268532974	0.38533663796607	0.38533663796607	log.rss.1 left 0	3.27503268532974	prediction	4
solid	-1.42948215522833	4.365008016314	0.38533663796607	0.38533663796607	log.rss.1 left 0	4.365008016314	prediction	4
solid	-1.42948215522833	5.07454039068833	0.38533663796607	0.38533663796607	log.rss.1 left 0	5.07454039068833	prediction	4
solid	-1.42948215522833	5.24181822850971	0.425443443701682	0.425443443701682	log.rss.1 left 0	5.24181822850971	prediction	4
solid	-1.42948215522833	5.29805192251759	0.446839589398008	0.446839589398008	log.rss.1 left 0	5.29805192251759	prediction	4
solid	-1.42948215522833	5.39727452398341	0.497389814231067	0.497389814231067	log.rss.1 left 0	5.39727452398341	prediction	4
solid	-1.42948215522833	5.54417685572189	0.561804685135635	0.561804685135635	log.rss.1 left 0	5.54417685572189	prediction	4
solid	-0.864510435724094	7.23305799626863	0.561804685135635	0.561804685135635	log.rss.1 right 0	-0.864510435724094	prediction	4
solid	-0.568351165309297	7.23305799626863	0.561804685135635	0.561804685135635	log.rss.1 right 0	-0.568351165309297	prediction	4
solid	-0.310772706670649	7.23305799626863	0.561804685135635	0.561804685135635	log.rss.1 right 0	-0.310772706670649	prediction	4
solid	-0.26080414268831	7.23305799626863	0.561804685135635	0.561804685135635	log.rss.1 right 0	-0.26080414268831	prediction	4
solid	-0.242656739092599	7.23305799626863	0.561804685135635	0.561804685135635	log.rss.1 right 0	-0.242656739092599	prediction	4
solid	-0.22102760588812	7.23305799626863	0.561804685135635	0.561804685135635	log.rss.1 right 0	-0.22102760588812	prediction	4
solid	-0.160640579503294	7.23305799626863	0.561804685135635	0.561804685135635	log.rss.1 right 0	-0.160640579503294	prediction	4
solid	-0.0773648509102559	7.23305799626863	0.561804685135635	0.561804685135635	log.rss.1 right 0	-0.0773648509102559	prediction	4
solid	-0.0320181031998384	7.23305799626863	0.561804685135635	0.561804685135635	log.rss.1 right 0	-0.0320181031998384	prediction	4
solid	0.00305861380264272	7.23305799626863	0.561804685135635	0.561804685135635	log.rss.1 right 0	0.00305861380264272	prediction	4
solid	0.0354258401153429	7.23305799626863	0.561804685135635	0.561804685135635	log.rss.1 right 0	0.0354258401153429	prediction	4
solid	0.0518749683550526	7.23305799626863	0.561804685135635	0.561804685135635	log.rss.1 right 0	0.0518749683550526	prediction	4
solid	0.095489915910694	7.23305799626863	0.561804685135635	0.561804685135635	log.rss.1 right 0	0.095489915910694	prediction	4
solid	0.124400082196657	7.23305799626863	0.561804685135635	0.561804685135635	log.rss.1 right 0	0.124400082196657	prediction	4
solid	0.134299591009318	7.23305799626863	0.561804685135635	0.561804685135635	log.rss.1 right 0	0.134299591009318	prediction	4
solid	0.153934295573265	7.23305799626863	0.561804685135635	0.561804685135635	log.rss.1 right 0	0.153934295573265	prediction	4
solid	0.197424740450898	7.23305799626863	0.561804685135635	0.561804685135635	log.rss.1 right 0	0.197424740450898	prediction	4
solid	0.233791508252039	7.23305799626863	0.561804685135635	0.561804685135635	log.rss.1 right 0	0.233791508252039	prediction	4
solid	0.236677082033339	7.23305799626863	0.561804685135635	0.561804685135635	log.rss.1 right 0	0.236677082033339	prediction	4
solid	0.23748721068976	7.23305799626863	0.561804685135635	0.561804685135635	log.rss.1 right 0	0.23748721068976	prediction	4
solid	0.259933441418394	7.23305799626863	0.561804685135635	0.561804685135635	log.rss.1 right 0	0.259933441418394	prediction	4
solid	0.306612636113008	7.23305799626863	0.561804685135635	0.561804685135635	log.rss.1 right 0	0.306612636113008	prediction	4
solid	0.332514961595774	7.23305799626863	0.561804685135635	0.561804685135635	log.rss.1 right 0	0.332514961595774	prediction	4
solid	0.336802195690718	7.23305799626863	0.561804685135635	0.561804685135635	log.rss.1 right 0	0.336802195690718	prediction	4
solid	0.342895162723512	7.23305799626863	0.561804685135635	0.561804685135635	log.rss.1 right 0	0.342895162723512	prediction	4
solid	0.358162365366992	7.23305799626863	0.561804685135635	0.561804685135635	log.rss.1 right 0	0.358162365366992	prediction	4
solid	0.381770269324096	7.23305799626863	0.561804685135635	0.561804685135635	log.rss.1 right 0	0.381770269324096	prediction	4
solid	0.395972236573647	7.23305799626863	0.561804685135635	0.561804685135635	log.rss.1 right 0	0.395972236573647	prediction	4
solid	0.416202572777373	7.23305799626863	0.561804685135635	0.561804685135635	log.rss.1 right 0	0.416202572777373	prediction	4
solid	0.449326948068923	7.23305799626863	0.561804685135635	0.561804685135635	log.rss.1 right 0	0.449326948068923	prediction	4
solid	0.491057608922484	7.23305799626863	0.561804685135635	0.561804685135635	log.rss.1 right 0	0.491057608922484	prediction	4
solid	0.525085231345902	7.23305799626863	0.561804685135635	0.561804685135635	log.rss.1 right 0	0.525085231345902	prediction	4
solid	0.541222387607044	7.23305799626863	0.561804685135635	0.561804685135635	log.rss.1 right 0	0.541222387607044	prediction	4
solid	0.553393315337999	7.23305799626863	0.561804685135635	0.561804685135635	log.rss.1 right 0	0.553393315337999	prediction	4
solid	0.584868326354053	7.23305799626863	0.561804685135635	0.561804685135635	log.rss.1 right 0	0.584868326354053	prediction	4
solid	0.638334690748531	7.23305799626863	0.561804685135635	0.561804685135635	log.rss.1 right 0	0.638334690748531	prediction	4
solid	0.673919562964832	7.23305799626863	0.561804685135635	0.561804685135635	log.rss.1 right 0	0.673919562964832	prediction	4
solid	0.713469572855734	7.23305799626863	0.561804685135635	0.561804685135635	log.rss.1 right 0	0.713469572855734	prediction	4
solid	0.753387920730107	7.23305799626863	0.561804685135635	0.561804685135635	log.rss.1 right 0	0.753387920730107	prediction	4
solid	0.763420683109153	7.23305799626863	0.616143777886932	0.616143777886932	log.rss.1 right 0	0.763420683109153	prediction	4
solid	0.783811901687569	7.23305799626863	0.616143777886932	0.616143777886932	log.rss.1 right 0	0.783811901687569	prediction	4
solid	0.819172930411671	7.23305799626863	0.616143777886932	0.616143777886932	log.rss.1 right 0	0.819172930411671	prediction	4
solid	0.83584382359119	7.23305799626863	0.616143777886932	0.616143777886932	log.rss.1 right 0	0.83584382359119	prediction	4
solid	0.840518096302218	7.23305799626863	0.616143777886932	0.616143777886932	log.rss.1 right 0	0.840518096302218	prediction	4
solid	0.853665486942916	7.23305799626863	0.616143777886932	0.616143777886932	log.rss.1 right 0	0.853665486942916	prediction	4
solid	0.864083739828093	7.23305799626863	0.616143777886932	0.616143777886932	log.rss.1 right 0	0.864083739828093	prediction	4
solid	0.877004839322216	7.23305799626863	0.616143777886932	0.616143777886932	log.rss.1 right 0	0.877004839322216	prediction	4
solid	0.89848605219098	7.23305799626863	0.616143777886932	0.616143777886932	log.rss.1 right 0	0.89848605219098	prediction	4
solid	0.922661060535975	7.23305799626863	0.616143777886932	0.616143777886932	log.rss.1 right 0	0.922661060535975	prediction	4
solid	0.944595975851018	7.23305799626863	0.616143777886932	0.616143777886932	log.rss.1 right 0	0.944595975851018	prediction	4
solid	0.965343246913308	7.23305799626863	0.616143777886932	0.616143777886932	log.rss.1 right 0	0.965343246913308	prediction	4
solid	0.983109847426558	7.23305799626863	0.616143777886932	0.616143777886932	log.rss.1 right 0	0.983109847426558	prediction	4
solid	0.999505143331677	7.23305799626863	0.616143777886932	0.616143777886932	log.rss.1 right 0	0.999505143331677	prediction	4
solid	1.01472761966077	7.23305799626863	0.616143777886932	0.616143777886932	log.rss.1 right 0	1.01472761966077	prediction	4
solid	1.02733435451781	7.23305799626863	0.616143777886932	0.616143777886932	log.rss.1 right 0	1.02733435451781	prediction	4
solid	1.07764893691992	7.23305799626863	0.616143777886932	0.616143777886932	log.rss.1 right 0	1.07764893691992	prediction	4
solid	1.12394491799335	7.23305799626863	0.616143777886932	0.616143777886932	log.rss.1 right 0	1.12394491799335	prediction	4
solid	1.16218489459145	7.23305799626863	0.616143777886932	0.616143777886932	log.rss.1 right 0	1.16218489459145	prediction	4
solid	1.22560867449041	7.23305799626863	0.616143777886932	0.616143777886932	log.rss.1 right 0	1.22560867449041	prediction	4
solid	1.25919272301296	7.23305799626863	0.616143777886932	0.616143777886932	log.rss.1 right 0	1.25919272301296	prediction	4
solid	1.26402266525632	7.23305799626863	0.665906044690279	0.665906044690279	log.rss.1 right 0	1.26402266525632	prediction	4
solid	1.27018313246983	7.23305799626863	0.665906044690279	0.665906044690279	log.rss.1 right 0	1.27018313246983	prediction	4
solid	1.2860477241317	7.23305799626863	0.765917097119998	0.765917097119998	log.rss.1 right 0	1.2860477241317	prediction	4
solid	1.29838853702448	7.23305799626863	0.765917097119998	0.765917097119998	log.rss.1 right 0	1.29838853702448	prediction	4
solid	1.3113819455507	7.23305799626863	0.980272615623581	0.980272615623581	log.rss.1 right 0	1.3113819455507	prediction	4
solid	1.34196682754856	7.23305799626863	0.980272615623581	0.980272615623581	log.rss.1 right 0	1.34196682754856	prediction	4
solid	1.37572468323001	7.23305799626863	0.980272615623581	0.980272615623581	log.rss.1 right 0	1.37572468323001	prediction	4
solid	1.39383554618389	7.23305799626863	0.980272615623581	0.980272615623581	log.rss.1 right 0	1.39383554618389	prediction	4
solid	1.39659344311974	7.23305799626863	0.980272615623581	0.980272615623581	log.rss.1 right 0	1.39659344311974	prediction	4
solid	1.40241813630432	7.23305799626863	0.980272615623581	0.980272615623581	log.rss.1 right 0	1.40241813630432	prediction	4
solid	1.40992998436317	7.23305799626863	0.980272615623581	0.980272615623581	log.rss.1 right 0	1.40992998436317	prediction	4
solid	1.43217550207157	7.23305799626863	0.980272615623581	0.980272615623581	log.rss.1 right 0	1.43217550207157	prediction	4
solid	1.52214537541918	7.23305799626863	1.12498102573727	1.12498102573727	log.rss.1 right 0	1.52214537541918	prediction	4
solid	1.6022403192008	7.23305799626863	1.12498102573727	1.12498102573727	log.rss.1 right 0	1.6022403192008	prediction	4
solid	1.61980779222736	7.23305799626863	1.21132373913766	1.21132373913766	log.rss.1 right 0	1.61980779222736	prediction	4
solid	1.64971459107854	7.23305799626863	1.21132373913766	1.21132373913766	log.rss.1 right 0	1.64971459107854	prediction	4
solid	1.69738040174995	7.23305799626863	1.41702793660991	1.41702793660991	log.rss.1 right 0	1.69738040174995	prediction	4
solid	1.74375397670084	7.23305799626863	1.41702793660991	1.41702793660991	log.rss.1 right 0	1.74375397670084	prediction	4
solid	1.77013391783256	7.23305799626863	1.41702793660991	1.41702793660991	log.rss.1 right 0	1.77013391783256	prediction	4
solid	1.81917347873603	7.23305799626863	1.41702793660991	1.41702793660991	log.rss.1 right 0	1.81917347873603	prediction	4
solid	1.86875958483129	7.23305799626863	1.41702793660991	1.41702793660991	log.rss.1 right 0	1.86875958483129	prediction	4
solid	1.90034426559358	7.23305799626863	1.55049038750799	1.55049038750799	log.rss.1 right 0	1.90034426559358	prediction	4
solid	1.93256546555622	7.23305799626863	1.55049038750799	1.55049038750799	log.rss.1 right 0	1.93256546555622	prediction	4
solid	1.97290684184435	7.23305799626863	1.55049038750799	1.55049038750799	log.rss.1 right 0	1.97290684184435	prediction	4
solid	2.03514838689041	7.23305799626863	1.55049038750799	1.55049038750799	log.rss.1 right 0	2.03514838689041	prediction	4
solid	2.10740482036071	7.23305799626863	1.58093585685601	1.58093585685601	log.rss.1 right 0	2.10740482036071	prediction	4
solid	2.18984547010235	7.23305799626863	1.72252242996446	1.72252242996446	log.rss.1 right 0	2.18984547010235	prediction	4
solid	2.31715982836332	7.23305799626863	1.90047881747164	1.90047881747164	log.rss.1 right 0	2.31715982836332	prediction	4
solid	2.48228983755051	7.23305799626863	1.90047881747164	1.90047881747164	log.rss.1 right 0	2.48228983755051	prediction	4
solid	2.63351466975524	7.23305799626863	1.90047881747164	1.90047881747164	log.rss.1 right 0	2.63351466975524	prediction	4
solid	2.73793444722927	7.23305799626863	2.05133614814896	2.05133614814896	log.rss.1 right 0	2.73793444722927	prediction	4
solid	2.77427452655245	7.23305799626863	2.05133614814896	2.05133614814896	log.rss.1 right 0	2.77427452655245	prediction	4
solid	3.27503268532974	7.23305799626863	2.67907435645135	2.67907435645135	log.rss.1 right 0	3.27503268532974	prediction	4
solid	4.365008016314	7.23305799626863	2.94765043787539	2.94765043787539	log.rss.1 right 0	4.365008016314	prediction	4
solid	5.07454039068833	7.23305799626863	2.14893622494239	2.14893622494239	log.rss.1 right 0	5.07454039068833	prediction	4
solid	5.24181822850971	7.23305799626863	1.59782329634117	1.59782329634117	log.rss.1 right 0	5.24181822850971	prediction	4
solid	5.29805192251759	7.23305799626863	1.56404841737084	1.56404841737084	log.rss.1 right 0	5.29805192251759	prediction	4
solid	5.39727452398341	7.23305799626863	1.56404841737084	1.56404841737084	log.rss.1 right 0	5.39727452398341	prediction	4
solid	5.54417685572189	7.23305799626863	0.238496848947175	0.238496848947175	log.rss.1 right 0	5.54417685572189	prediction	4
dotted	-1.42948215522833	-0.864510435724094	-3.06346888163245	-3.06346888163245	log.rss.1 left 1	-0.864510435724094	margin	4
dotted	-1.42948215522833	-0.568351165309297	-1.93398064780366	-1.93398064780366	log.rss.1 left 1	-0.568351165309297	margin	4
dotted	-1.42948215522833	-0.310772706670649	-1.93398064780366	-1.93398064780366	log.rss.1 left 1	-0.310772706670649	margin	4
dotted	-1.42948215522833	-0.26080414268831	-1.93398064780366	-1.93398064780366	log.rss.1 left 1	-0.26080414268831	margin	4
dotted	-1.42948215522833	-0.242656739092599	-1.38154777630768	-1.38154777630768	log.rss.1 left 1	-0.242656739092599	margin	4
dotted	-1.42948215522833	-0.22102760588812	-1.38154777630768	-1.38154777630768	log.rss.1 left 1	-0.22102760588812	margin	4
dotted	-1.42948215522833	-0.160640579503294	-1.38154777630768	-1.38154777630768	log.rss.1 left 1	-0.160640579503294	margin	4
dotted	-1.42948215522833	-0.0773648509102559	-1.38154777630768	-1.38154777630768	log.rss.1 left 1	-0.0773648509102559	margin	4
dotted	-1.42948215522833	-0.0320181031998384	-1.35402690731345	-1.35402690731345	log.rss.1 left 1	-0.0320181031998384	margin	4
dotted	-1.42948215522833	0.00305861380264272	-1.1906642299195	-1.1906642299195	log.rss.1 left 1	0.00305861380264272	margin	4
dotted	-1.42948215522833	0.0354258401153429	-1.1906642299195	-1.1906642299195	log.rss.1 left 1	0.0354258401153429	margin	4
dotted	-1.42948215522833	0.0518749683550526	-1.1906642299195	-1.1906642299195	log.rss.1 left 1	0.0518749683550526	margin	4
dotted	-1.42948215522833	0.095489915910694	-0.487268280242779	-0.487268280242779	log.rss.1 left 1	0.095489915910694	margin	4
dotted	-1.42948215522833	0.124400082196657	-0.487268280242779	-0.487268280242779	log.rss.1 left 1	0.124400082196657	margin	4
dotted	-1.42948215522833	0.134299591009318	-0.487268280242779	-0.487268280242779	log.rss.1 left 1	0.134299591009318	margin	4
dotted	-1.42948215522833	0.153934295573265	-0.487268280242779	-0.487268280242779	log.rss.1 left 1	0.153934295573265	margin	4
dotted	-1.42948215522833	0.197424740450898	-0.487268280242779	-0.487268280242779	log.rss.1 left 1	0.197424740450898	margin	4
dotted	-1.42948215522833	0.233791508252039	-0.487268280242779	-0.487268280242779	log.rss.1 left 1	0.233791508252039	margin	4
dotted	-1.42948215522833	0.236677082033339	-0.487268280242779	-0.487268280242779	log.rss.1 left 1	0.236677082033339	margin	4
dotted	-1.42948215522833	0.23748721068976	-0.487268280242779	-0.487268280242779	log.rss.1 left 1	0.23748721068976	margin	4
dotted	-1.42948215522833	0.259933441418394	-0.487268280242779	-0.487268280242779	log.rss.1 left 1	0.259933441418394	margin	4
dotted	-1.42948215522833	0.306612636113008	-0.487268280242779	-0.487268280242779	log.rss.1 left 1	0.306612636113008	margin	4
dotted	-1.42948215522833	0.332514961595774	-0.487268280242779	-0.487268280242779	log.rss.1 left 1	0.332514961595774	margin	4
dotted	-1.42948215522833	0.336802195690718	-0.487268280242779	-0.487268280242779	log.rss.1 left 1	0.336802195690718	margin	4
dotted	-1.42948215522833	0.342895162723512	-0.487268280242779	-0.487268280242779	log.rss.1 left 1	0.342895162723512	margin	4
dotted	-1.42948215522833	0.358162365366992	-0.487268280242779	-0.487268280242779	log.rss.1 left 1	0.358162365366992	margin	4
dotted	-1.42948215522833	0.381770269324096	-0.487268280242779	-0.487268280242779	log.rss.1 left 1	0.381770269324096	margin	4
dotted	-1.42948215522833	0.395972236573647	-0.487268280242779	-0.487268280242779	log.rss.1 left 1	0.395972236573647	margin	4
dotted	-1.42948215522833	0.416202572777373	-0.485837336366813	-0.485837336366813	log.rss.1 left 1	0.416202572777373	margin	4
dotted	-1.42948215522833	0.449326948068923	-0.485837336366813	-0.485837336366813	log.rss.1 left 1	0.449326948068923	margin	4
dotted	-1.42948215522833	0.491057608922484	-0.485837336366813	-0.485837336366813	log.rss.1 left 1	0.491057608922484	margin	4
dotted	-1.42948215522833	0.525085231345902	-0.485837336366813	-0.485837336366813	log.rss.1 left 1	0.525085231345902	margin	4
dotted	-1.42948215522833	0.541222387607044	-0.485837336366813	-0.485837336366813	log.rss.1 left 1	0.541222387607044	margin	4
dotted	-1.42948215522833	0.553393315337999	-0.485837336366813	-0.485837336366813	log.rss.1 left 1	0.553393315337999	margin	4
dotted	-1.42948215522833	0.584868326354053	-0.485837336366813	-0.485837336366813	log.rss.1 left 1	0.584868326354053	margin	4
dotted	-1.42948215522833	0.638334690748531	-0.485837336366813	-0.485837336366813	log.rss.1 left 1	0.638334690748531	margin	4
dotted	-1.42948215522833	0.673919562964832	-0.485837336366813	-0.485837336366813	log.rss.1 left 1	0.673919562964832	margin	4
dotted	-1.42948215522833	0.713469572855734	-0.485837336366813	-0.485837336366813	log.rss.1 left 1	0.713469572855734	margin	4
dotted	-1.42948215522833	0.753387920730107	-0.485837336366813	-0.485837336366813	log.rss.1 left 1	0.753387920730107	margin	4
dotted	-1.42948215522833	0.763420683109153	-0.157964012831585	-0.157964012831585	log.rss.1 left 1	0.763420683109153	margin	4
dotted	-1.42948215522833	0.783811901687569	-0.157964012831585	-0.157964012831585	log.rss.1 left 1	0.783811901687569	margin	4
dotted	-1.42948215522833	0.819172930411671	-0.0771906617466951	-0.0771906617466951	log.rss.1 left 1	0.819172930411671	margin	4
dotted	-1.42948215522833	0.83584382359119	-0.0771906617466951	-0.0771906617466951	log.rss.1 left 1	0.83584382359119	margin	4
dotted	-1.42948215522833	0.840518096302218	-0.0560247931058151	-0.0560247931058151	log.rss.1 left 1	0.840518096302218	margin	4
dotted	-1.42948215522833	0.853665486942916	-0.0560247931058151	-0.0560247931058151	log.rss.1 left 1	0.853665486942916	margin	4
dotted	-1.42948215522833	0.864083739828093	-0.0560247931058151	-0.0560247931058151	log.rss.1 left 1	0.864083739828093	margin	4
dotted	-1.42948215522833	0.877004839322216	-0.0560247931058151	-0.0560247931058151	log.rss.1 left 1	0.877004839322216	margin	4
dotted	-1.42948215522833	0.89848605219098	-0.0560247931058151	-0.0560247931058151	log.rss.1 left 1	0.89848605219098	margin	4
dotted	-1.42948215522833	0.922661060535975	-0.0560247931058151	-0.0560247931058151	log.rss.1 left 1	0.922661060535975	margin	4
dotted	-1.42948215522833	0.944595975851018	0.0369205464552567	0.0369205464552567	log.rss.1 left 1	0.944595975851018	margin	4
dotted	-1.42948215522833	0.965343246913308	0.0369205464552567	0.0369205464552567	log.rss.1 left 1	0.965343246913308	margin	4
dotted	-1.42948215522833	0.983109847426558	0.0369205464552567	0.0369205464552567	log.rss.1 left 1	0.983109847426558	margin	4
dotted	-1.42948215522833	0.999505143331677	0.0369205464552567	0.0369205464552567	log.rss.1 left 1	0.999505143331677	margin	4
dotted	-1.42948215522833	1.01472761966077	0.0369205464552567	0.0369205464552567	log.rss.1 left 1	1.01472761966077	margin	4
dotted	-1.42948215522833	1.02733435451781	0.0369205464552567	0.0369205464552567	log.rss.1 left 1	1.02733435451781	margin	4
dotted	-1.42948215522833	1.07764893691992	0.0369205464552567	0.0369205464552567	log.rss.1 left 1	1.07764893691992	margin	4
dotted	-1.42948215522833	1.12394491799335	0.0762980305672071	0.0762980305672071	log.rss.1 left 1	1.12394491799335	margin	4
dotted	-1.42948215522833	1.16218489459145	0.568641043527271	0.568641043527271	log.rss.1 left 1	1.16218489459145	margin	4
dotted	-1.42948215522833	1.22560867449041	0.568641043527271	0.568641043527271	log.rss.1 left 1	1.22560867449041	margin	4
dotted	-1.42948215522833	1.25919272301296	0.568641043527271	0.568641043527271	log.rss.1 left 1	1.25919272301296	margin	4
dotted	-1.42948215522833	1.26402266525632	0.547244897830945	0.547244897830945	log.rss.1 left 1	1.26402266525632	margin	4
dotted	-1.42948215522833	1.27018313246983	0.547244897830945	0.547244897830945	log.rss.1 left 1	1.27018313246983	margin	4
dotted	-1.42948215522833	1.2860477241317	0.155761557742054	0.155761557742054	log.rss.1 left 1	1.2860477241317	margin	4
dotted	-1.42948215522833	1.29838853702448	0.325888062984163	0.325888062984163	log.rss.1 left 1	1.29838853702448	margin	4
dotted	-1.42948215522833	1.3113819455507	0.325888062984163	0.325888062984163	log.rss.1 left 1	1.3113819455507	margin	4
dotted	-1.42948215522833	1.34196682754856	0.553751169014807	0.553751169014807	log.rss.1 left 1	1.34196682754856	margin	4
dotted	-1.42948215522833	1.37572468323001	0.553751169014807	0.553751169014807	log.rss.1 left 1	1.37572468323001	margin	4
dotted	-1.42948215522833	1.39383554618389	0.683582619849243	0.683582619849243	log.rss.1 left 1	1.39383554618389	margin	4
dotted	-1.42948215522833	1.39659344311974	0.683582619849243	0.683582619849243	log.rss.1 left 1	1.39659344311974	margin	4
dotted	-1.42948215522833	1.40241813630432	0.683582619849243	0.683582619849243	log.rss.1 left 1	1.40241813630432	margin	4
dotted	-1.42948215522833	1.40992998436317	0.683582619849243	0.683582619849243	log.rss.1 left 1	1.40992998436317	margin	4
dotted	-1.42948215522833	1.43217550207157	0.683582619849243	0.683582619849243	log.rss.1 left 1	1.43217550207157	margin	4
dotted	-1.42948215522833	1.52214537541918	0.612158699460779	0.612158699460779	log.rss.1 left 1	1.52214537541918	margin	4
dotted	-1.42948215522833	1.6022403192008	0.612158699460779	0.612158699460779	log.rss.1 left 1	1.6022403192008	margin	4
dotted	-1.42948215522833	1.61980779222736	0.612158699460779	0.612158699460779	log.rss.1 left 1	1.61980779222736	margin	4
dotted	-1.42948215522833	1.64971459107854	0.612158699460779	0.612158699460779	log.rss.1 left 1	1.64971459107854	margin	4
dotted	-1.42948215522833	1.69738040174995	0.612158699460779	0.612158699460779	log.rss.1 left 1	1.69738040174995	margin	4
dotted	-1.42948215522833	1.74375397670084	0.683582619849243	0.683582619849243	log.rss.1 left 1	1.74375397670084	margin	4
dotted	-1.42948215522833	1.77013391783256	0.683582619849243	0.683582619849243	log.rss.1 left 1	1.77013391783256	margin	4
dotted	-1.42948215522833	1.81917347873603	0.683582619849243	0.683582619849243	log.rss.1 left 1	1.81917347873603	margin	4
dotted	-1.42948215522833	1.86875958483129	0.743572332395611	0.743572332395611	log.rss.1 left 1	1.86875958483129	margin	4
dotted	-1.42948215522833	1.90034426559358	0.743572332395611	0.743572332395611	log.rss.1 left 1	1.90034426559358	margin	4
dotted	-1.42948215522833	1.93256546555622	0.754261817884528	0.754261817884528	log.rss.1 left 1	1.93256546555622	margin	4
dotted	-1.42948215522833	1.97290684184435	0.754261817884528	0.754261817884528	log.rss.1 left 1	1.97290684184435	margin	4
dotted	-1.42948215522833	2.03514838689041	0.804500739442641	0.804500739442641	log.rss.1 left 1	2.03514838689041	margin	4
dotted	-1.42948215522833	2.10740482036071	0.754261817884528	0.754261817884528	log.rss.1 left 1	2.10740482036071	margin	4
dotted	-1.42948215522833	2.18984547010235	0.754261817884528	0.754261817884528	log.rss.1 left 1	2.18984547010235	margin	4
dotted	-1.42948215522833	2.31715982836332	0.754261817884528	0.754261817884528	log.rss.1 left 1	2.31715982836332	margin	4
dotted	-1.42948215522833	2.48228983755051	0.804500739442641	0.804500739442641	log.rss.1 left 1	2.48228983755051	margin	4
dotted	-1.42948215522833	2.63351466975524	0.804500739442641	0.804500739442641	log.rss.1 left 1	2.63351466975524	margin	4
dotted	-1.42948215522833	2.73793444722927	0.804500739442641	0.804500739442641	log.rss.1 left 1	2.73793444722927	margin	4
dotted	-1.42948215522833	2.77427452655245	0.88533663796607	0.88533663796607	log.rss.1 left 1	2.77427452655245	margin	4
dotted	-1.42948215522833	3.27503268532974	0.88533663796607	0.88533663796607	log.rss.1 left 1	3.27503268532974	margin	4
dotted	-1.42948215522833	4.365008016314	0.88533663796607	0.88533663796607	log.rss.1 left 1	4.365008016314	margin	4
dotted	-1.42948215522833	5.07454039068833	0.88533663796607	0.88533663796607	log.rss.1 left 1	5.07454039068833	margin	4
dotted	-1.42948215522833	5.24181822850971	0.925443443701682	0.925443443701682	log.rss.1 left 1	5.24181822850971	margin	4
dotted	-1.42948215522833	5.29805192251759	0.946839589398008	0.946839589398008	log.rss.1 left 1	5.29805192251759	margin	4
dotted	-1.42948215522833	5.39727452398341	0.997389814231067	0.997389814231067	log.rss.1 left 1	5.39727452398341	margin	4
dotted	-1.42948215522833	5.54417685572189	1.06180468513563	1.06180468513563	log.rss.1 left 1	5.54417685572189	margin	4
dotted	-0.864510435724094	7.23305799626863	1.06180468513563	1.06180468513563	log.rss.1 right 1	-0.864510435724094	margin	4
dotted	-0.568351165309297	7.23305799626863	1.06180468513563	1.06180468513563	log.rss.1 right 1	-0.568351165309297	margin	4
dotted	-0.310772706670649	7.23305799626863	1.06180468513563	1.06180468513563	log.rss.1 right 1	-0.310772706670649	margin	4
dotted	-0.26080414268831	7.23305799626863	1.06180468513563	1.06180468513563	log.rss.1 right 1	-0.26080414268831	margin	4
dotted	-0.242656739092599	7.23305799626863	1.06180468513563	1.06180468513563	log.rss.1 right 1	-0.242656739092599	margin	4
dotted	-0.22102760588812	7.23305799626863	1.06180468513563	1.06180468513563	log.rss.1 right 1	-0.22102760588812	margin	4
dotted	-0.160640579503294	7.23305799626863	1.06180468513563	1.06180468513563	log.rss.1 right 1	-0.160640579503294	margin	4
dotted	-0.0773648509102559	7.23305799626863	1.06180468513563	1.06180468513563	log.rss.1 right 1	-0.0773648509102559	margin	4
dotted	-0.0320181031998384	7.23305799626863	1.06180468513563	1.06180468513563	log.rss.1 right 1	-0.0320181031998384	margin	4
dotted	0.00305861380264272	7.23305799626863	1.06180468513563	1.06180468513563	log.rss.1 right 1	0.00305861380264272	margin	4
dotted	0.0354258401153429	7.23305799626863	1.06180468513563	1.06180468513563	log.rss.1 right 1	0.0354258401153429	margin	4
dotted	0.0518749683550526	7.23305799626863	1.06180468513563	1.06180468513563	log.rss.1 right 1	0.0518749683550526	margin	4
dotted	0.095489915910694	7.23305799626863	1.06180468513563	1.06180468513563	log.rss.1 right 1	0.095489915910694	margin	4
dotted	0.124400082196657	7.23305799626863	1.06180468513563	1.06180468513563	log.rss.1 right 1	0.124400082196657	margin	4
dotted	0.134299591009318	7.23305799626863	1.06180468513563	1.06180468513563	log.rss.1 right 1	0.134299591009318	margin	4
dotted	0.153934295573265	7.23305799626863	1.06180468513563	1.06180468513563	log.rss.1 right 1	0.153934295573265	margin	4
dotted	0.197424740450898	7.23305799626863	1.06180468513563	1.06180468513563	log.rss.1 right 1	0.197424740450898	margin	4
dotted	0.233791508252039	7.23305799626863	1.06180468513563	1.06180468513563	log.rss.1 right 1	0.233791508252039	margin	4
dotted	0.236677082033339	7.23305799626863	1.06180468513563	1.06180468513563	log.rss.1 right 1	0.236677082033339	margin	4
dotted	0.23748721068976	7.23305799626863	1.06180468513563	1.06180468513563	log.rss.1 right 1	0.23748721068976	margin	4
dotted	0.259933441418394	7.23305799626863	1.06180468513563	1.06180468513563	log.rss.1 right 1	0.259933441418394	margin	4
dotted	0.306612636113008	7.23305799626863	1.06180468513563	1.06180468513563	log.rss.1 right 1	0.306612636113008	margin	4
dotted	0.332514961595774	7.23305799626863	1.06180468513563	1.06180468513563	log.rss.1 right 1	0.332514961595774	margin	4
dotted	0.336802195690718	7.23305799626863	1.06180468513563	1.06180468513563	log.rss.1 right 1	0.336802195690718	margin	4
dotted	0.342895162723512	7.23305799626863	1.06180468513563	1.06180468513563	log.rss.1 right 1	0.342895162723512	margin	4
dotted	0.358162365366992	7.23305799626863	1.06180468513563	1.06180468513563	log.rss.1 right 1	0.358162365366992	margin	4
dotted	0.381770269324096	7.23305799626863	1.06180468513563	1.06180468513563	log.rss.1 right 1	0.381770269324096	margin	4
dotted	0.395972236573647	7.23305799626863	1.06180468513563	1.06180468513563	log.rss.1 right 1	0.395972236573647	margin	4
dotted	0.416202572777373	7.23305799626863	1.06180468513563	1.06180468513563	log.rss.1 right 1	0.416202572777373	margin	4
dotted	0.449326948068923	7.23305799626863	1.06180468513563	1.06180468513563	log.rss.1 right 1	0.449326948068923	margin	4
dotted	0.491057608922484	7.23305799626863	1.06180468513563	1.06180468513563	log.rss.1 right 1	0.491057608922484	margin	4
dotted	0.525085231345902	7.23305799626863	1.06180468513563	1.06180468513563	log.rss.1 right 1	0.525085231345902	margin	4
dotted	0.541222387607044	7.23305799626863	1.06180468513563	1.06180468513563	log.rss.1 right 1	0.541222387607044	margin	4
dotted	0.553393315337999	7.23305799626863	1.06180468513563	1.06180468513563	log.rss.1 right 1	0.553393315337999	margin	4
dotted	0.584868326354053	7.23305799626863	1.06180468513563	1.06180468513563	log.rss.1 right 1	0.584868326354053	margin	4
dotted	0.638334690748531	7.23305799626863	1.06180468513563	1.06180468513563	log.rss.1 right 1	0.638334690748531	margin	4
dotted	0.673919562964832	7.23305799626863	1.06180468513563	1.06180468513563	log.rss.1 right 1	0.673919562964832	margin	4
dotted	0.713469572855734	7.23305799626863	1.06180468513563	1.06180468513563	log.rss.1 right 1	0.713469572855734	margin	4
dotted	0.753387920730107	7.23305799626863	1.06180468513563	1.06180468513563	log.rss.1 right 1	0.753387920730107	margin	4
dotted	0.763420683109153	7.23305799626863	1.11614377788693	1.11614377788693	log.rss.1 right 1	0.763420683109153	margin	4
dotted	0.783811901687569	7.23305799626863	1.11614377788693	1.11614377788693	log.rss.1 right 1	0.783811901687569	margin	4
dotted	0.819172930411671	7.23305799626863	1.11614377788693	1.11614377788693	log.rss.1 right 1	0.819172930411671	margin	4
dotted	0.83584382359119	7.23305799626863	1.11614377788693	1.11614377788693	log.rss.1 right 1	0.83584382359119	margin	4
dotted	0.840518096302218	7.23305799626863	1.11614377788693	1.11614377788693	log.rss.1 right 1	0.840518096302218	margin	4
dotted	0.853665486942916	7.23305799626863	1.11614377788693	1.11614377788693	log.rss.1 right 1	0.853665486942916	margin	4
dotted	0.864083739828093	7.23305799626863	1.11614377788693	1.11614377788693	log.rss.1 right 1	0.864083739828093	margin	4
dotted	0.877004839322216	7.23305799626863	1.11614377788693	1.11614377788693	log.rss.1 right 1	0.877004839322216	margin	4
dotted	0.89848605219098	7.23305799626863	1.11614377788693	1.11614377788693	log.rss.1 right 1	0.89848605219098	margin	4
dotted	0.922661060535975	7.23305799626863	1.11614377788693	1.11614377788693	log.rss.1 right 1	0.922661060535975	margin	4
dotted	0.944595975851018	7.23305799626863	1.11614377788693	1.11614377788693	log.rss.1 right 1	0.944595975851018	margin	4
dotted	0.965343246913308	7.23305799626863	1.11614377788693	1.11614377788693	log.rss.1 right 1	0.965343246913308	margin	4
dotted	0.983109847426558	7.23305799626863	1.11614377788693	1.11614377788693	log.rss.1 right 1	0.983109847426558	margin	4
dotted	0.999505143331677	7.23305799626863	1.11614377788693	1.11614377788693	log.rss.1 right 1	0.999505143331677	margin	4
dotted	1.01472761966077	7.23305799626863	1.11614377788693	1.11614377788693	log.rss.1 right 1	1.01472761966077	margin	4
dotted	1.02733435451781	7.23305799626863	1.11614377788693	1.11614377788693	log.rss.1 right 1	1.02733435451781	margin	4
dotted	1.07764893691992	7.23305799626863	1.11614377788693	1.11614377788693	log.rss.1 right 1	1.07764893691992	margin	4
dotted	1.12394491799335	7.23305799626863	1.11614377788693	1.11614377788693	log.rss.1 right 1	1.12394491799335	margin	4
dotted	1.16218489459145	7.23305799626863	1.11614377788693	1.11614377788693	log.rss.1 right 1	1.16218489459145	margin	4
dotted	1.22560867449041	7.23305799626863	1.11614377788693	1.11614377788693	log.rss.1 right 1	1.22560867449041	margin	4
dotted	1.25919272301296	7.23305799626863	1.11614377788693	1.11614377788693	log.rss.1 right 1	1.25919272301296	margin	4
dotted	1.26402266525632	7.23305799626863	1.16590604469028	1.16590604469028	log.rss.1 right 1	1.26402266525632	margin	4
dotted	1.27018313246983	7.23305799626863	1.16590604469028	1.16590604469028	log.rss.1 right 1	1.27018313246983	margin	4
dotted	1.2860477241317	7.23305799626863	1.26591709712	1.26591709712	log.rss.1 right 1	1.2860477241317	margin	4
dotted	1.29838853702448	7.23305799626863	1.26591709712	1.26591709712	log.rss.1 right 1	1.29838853702448	margin	4
dotted	1.3113819455507	7.23305799626863	1.48027261562358	1.48027261562358	log.rss.1 right 1	1.3113819455507	margin	4
dotted	1.34196682754856	7.23305799626863	1.48027261562358	1.48027261562358	log.rss.1 right 1	1.34196682754856	margin	4
dotted	1.37572468323001	7.23305799626863	1.48027261562358	1.48027261562358	log.rss.1 right 1	1.37572468323001	margin	4
dotted	1.39383554618389	7.23305799626863	1.48027261562358	1.48027261562358	log.rss.1 right 1	1.39383554618389	margin	4
dotted	1.39659344311974	7.23305799626863	1.48027261562358	1.48027261562358	log.rss.1 right 1	1.39659344311974	margin	4
dotted	1.40241813630432	7.23305799626863	1.48027261562358	1.48027261562358	log.rss.1 right 1	1.40241813630432	margin	4
dotted	1.40992998436317	7.23305799626863	1.48027261562358	1.48027261562358	log.rss.1 right 1	1.40992998436317	margin	4
dotted	1.43217550207157	7.23305799626863	1.48027261562358	1.48027261562358	log.rss.1 right 1	1.43217550207157	margin	4
dotted	1.52214537541918	7.23305799626863	1.62498102573727	1.62498102573727	log.rss.1 right 1	1.52214537541918	margin	4
dotted	1.6022403192008	7.23305799626863	1.62498102573727	1.62498102573727	log.rss.1 right 1	1.6022403192008	margin	4
dotted	1.61980779222736	7.23305799626863	1.71132373913766	1.71132373913766	log.rss.1 right 1	1.61980779222736	margin	4
dotted	1.64971459107854	7.23305799626863	1.71132373913766	1.71132373913766	log.rss.1 right 1	1.64971459107854	margin	4
dotted	1.69738040174995	7.23305799626863	1.91702793660991	1.91702793660991	log.rss.1 right 1	1.69738040174995	margin	4
dotted	1.74375397670084	7.23305799626863	1.91702793660991	1.91702793660991	log.rss.1 right 1	1.74375397670084	margin	4
dotted	1.77013391783256	7.23305799626863	1.91702793660991	1.91702793660991	log.rss.1 right 1	1.77013391783256	margin	4
dotted	1.81917347873603	7.23305799626863	1.91702793660991	1.91702793660991	log.rss.1 right 1	1.81917347873603	margin	4
dotted	1.86875958483129	7.23305799626863	1.91702793660991	1.91702793660991	log.rss.1 right 1	1.86875958483129	margin	4
dotted	1.90034426559358	7.23305799626863	2.05049038750799	2.05049038750799	log.rss.1 right 1	1.90034426559358	margin	4
dotted	1.93256546555622	7.23305799626863	2.05049038750799	2.05049038750799	log.rss.1 right 1	1.93256546555622	margin	4
dotted	1.97290684184435	7.23305799626863	2.05049038750799	2.05049038750799	log.rss.1 right 1	1.97290684184435	margin	4
dotted	2.03514838689041	7.23305799626863	2.05049038750799	2.05049038750799	log.rss.1 right 1	2.03514838689041	margin	4
dotted	2.10740482036071	7.23305799626863	2.08093585685601	2.08093585685601	log.rss.1 right 1	2.10740482036071	margin	4
dotted	2.18984547010235	7.23305799626863	2.22252242996446	2.22252242996446	log.rss.1 right 1	2.18984547010235	margin	4
dotted	2.31715982836332	7.23305799626863	2.40047881747164	2.40047881747164	log.rss.1 right 1	2.31715982836332	margin	4
dotted	2.48228983755051	7.23305799626863	2.40047881747164	2.40047881747164	log.rss.1 right 1	2.48228983755051	margin	4
dotted	2.63351466975524	7.23305799626863	2.40047881747164	2.40047881747164	log.rss.1 right 1	2.63351466975524	margin	4
dotted	2.73793444722927	7.23305799626863	2.55133614814896	2.55133614814896	log.rss.1 right 1	2.73793444722927	margin	4
dotted	2.77427452655245	7.23305799626863	2.55133614814896	2.55133614814896	log.rss.1 right 1	2.77427452655245	margin	4
dotted	3.27503268532974	7.23305799626863	3.17907435645135	3.17907435645135	log.rss.1 right 1	3.27503268532974	margin	4
dotted	4.365008016314	7.23305799626863	3.44765043787539	3.44765043787539	log.rss.1 right 1	4.365008016314	margin	4
dotted	5.07454039068833	7.23305799626863	2.64893622494239	2.64893622494239	log.rss.1 right 1	5.07454039068833	margin	4
dotted	5.24181822850971	7.23305799626863	2.09782329634117	2.09782329634117	log.rss.1 right 1	5.24181822850971	margin	4
dotted	5.29805192251759	7.23305799626863	2.06404841737084	2.06404841737084	log.rss.1 right 1	5.29805192251759	margin	4
dotted	5.39727452398341	7.23305799626863	2.06404841737084	2.06404841737084	log.rss.1 right 1	5.39727452398341	margin	4
dotted	5.54417685572189	7.23305799626863	0.738496848947175	0.738496848947175	log.rss.1 right 1	5.54417685572189	margin	4
